Wavelength (nm);Intensity orange_abs;;Untitled.sp;;;orange_abs;
342,903;4,321;;2024-12-02 13:40:14;;Integration Time;1 ms;
343,276;4,321;;Analyze Light;;Number of Scans to Average;1;
343,649;4,443;;;;Smoothing;0;
344,023;4,443
344,396;4,541
344,769;4,346
345,142;4,443
345,515;4,565
345,888;4,419
346,261;4,468
346,634;4,468
347,007;4,443
347,380;4,346
347,753;4,272
348,126;4,492
348,499;4,517
348,871;4,443
349,244;4,346
349,617;4,370
349,990;4,419
350,362;4,492
350,735;4,468
351,108;4,370
351,480;4,443
351,853;4,468
352,226;4,443
352,598;4,370
352,971;4,419
353,343;4,443
353,716;4,517
354,088;4,541
354,461;4,565
354,833;4,370
355,205;4,395
355,578;4,443
355,950;4,419
356,322;4,517
356,695;4,395
357,067;4,492
357,439;4,443
357,811;4,419
358,183;4,395
358,556;4,468
358,928;4,517
359,300;4,541
359,672;4,541
360,044;4,443
360,416;4,419
360,788;4,443
361,160;4,590
361,532;4,468
361,903;4,419
362,275;4,419
362,647;4,468
363,019;4,712
363,391;4,517
363,763;4,468
364,134;4,468
364,506;4,419
364,878;4,517
365,249;4,517
365,621;4,541
365,992;4,468
366,364;4,565
366,736;4,590
367,107;4,492
367,479;4,517
367,850;4,468
368,221;4,443
368,593;4,541
368,964;4,663
369,335;4,590
369,707;4,419
370,078;4,663
370,449;4,395
370,821;4,419
371,192;4,419
371,563;4,443
371,934;4,517
372,305;4,468
372,676;4,541
373,047;4,663
373,418;4,517
373,789;4,370
374,160;4,492
374,531;4,468
374,902;4,468
375,273;4,395
375,644;4,541
376,015;4,468
376,386;4,614
376,756;4,468
377,127;4,468
377,498;4,468
377,869;4,468
378,239;4,492
378,610;4,443
378,981;4,517
379,351;4,443
379,722;4,419
380,092;4,370
380,463;4,541
380,833;4,468
381,204;4,590
381,574;4,517
381,944;4,541
382,315;4,492
382,685;4,541
383,055;4,443
383,426;4,614
383,796;4,590
384,166;4,419
384,536;4,541
384,907;4,419
385,277;4,443
385,647;4,590
386,017;4,443
386,387;4,590
386,757;4,687
387,127;4,468
387,497;4,614
387,867;4,517
388,237;4,687
388,607;4,517
388,976;4,541
389,346;4,492
389,716;4,565
390,086;4,468
390,456;4,590
390,825;4,541
391,195;4,492
391,565;4,614
391,934;4,395
392,304;4,492
392,673;4,492
393,043;4,614
393,412;4,541
393,782;4,419
394,151;4,663
394,521;4,517
394,890;4,517
395,260;4,492
395,629;4,492
395,998;4,443
396,368;4,639
396,737;4,639
397,106;4,590
397,475;4,517
397,844;4,590
398,213;4,370
398,583;4,370
398,952;4,492
399,321;4,590
399,690;4,639
400,059;4,517
400,428;4,565
400,797;4,541
401,166;4,468
401,534;4,663
401,903;4,565
402,272;4,419
402,641;4,541
403,010;4,565
403,378;4,761
403,747;4,590
404,116;4,541
404,484;4,541
404,853;4,614
405,222;4,517
405,590;4,541
405,959;4,468
406,327;4,565
406,696;4,590
407,064;4,541
407,432;4,565
407,801;4,565
408,169;4,492
408,537;4,517
408,906;4,517
409,274;4,541
409,642;4,517
410,010;4,541
410,379;4,810
410,747;4,565
411,115;4,468
411,483;4,419
411,851;4,541
412,219;4,590
412,587;4,639
412,955;4,541
413,323;4,639
413,691;4,492
414,059;4,614
414,426;4,590
414,794;4,517
415,162;4,419
415,530;4,272
415,898;4,517
416,265;4,541
416,633;4,639
417,001;4,492
417,368;4,663
417,736;4,565
418,103;4,419
418,471;4,565
418,838;4,614
419,206;4,517
419,573;4,614
419,941;4,565
420,308;4,492
420,675;4,639
421,043;4,590
421,410;4,565
421,777;4,443
422,144;4,590
422,511;4,443
422,879;4,517
423,246;4,443
423,613;4,492
423,980;4,541
424,347;4,590
424,714;4,614
425,081;4,565
425,448;4,468
425,815;4,468
426,182;4,590
426,549;4,712
426,915;4,712
427,282;4,565
427,649;4,468
428,016;4,492
428,382;4,565
428,749;4,541
429,116;4,565
429,482;4,614
429,849;4,541
430,215;4,614
430,582;4,565
430,948;4,663
431,315;4,687
431,681;4,614
432,048;4,712
432,414;4,541
432,780;4,590
433,147;4,663
433,513;4,541
433,879;4,517
434,245;4,614
434,612;4,395
434,978;4,663
435,344;4,639
435,710;4,492
436,076;4,639
436,442;4,590
436,808;4,614
437,174;4,565
437,540;4,517
437,906;4,517
438,272;4,736
438,638;4,541
439,003;4,517
439,369;4,565
439,735;4,590
440,101;4,663
440,466;4,614
440,832;4,443
441,198;4,565
441,563;4,492
441,929;4,663
442,294;4,663
442,660;4,492
443,025;4,687
443,391;4,468
443,756;4,687
444,122;4,663
444,487;4,736
444,852;4,541
445,218;4,565
445,583;4,541
445,948;4,614
446,313;4,590
446,678;4,614
447,044;4,492
447,409;4,614
447,774;4,736
448,139;4,565
448,504;4,639
448,869;4,565
449,234;4,663
449,599;4,565
449,964;4,712
450,328;4,590
450,693;4,663
451,058;4,687
451,423;4,614
451,787;4,541
452,152;4,663
452,517;4,590
452,881;4,712
453,246;4,810
453,611;4,785
453,975;4,761
454,340;4,736
454,704;4,639
455,069;4,785
455,433;4,761
455,797;4,541
456,162;4,639
456,526;4,639
456,890;4,858
457,255;4,639
457,619;4,736
457,983;4,736
458,347;4,858
458,711;4,785
459,075;4,834
459,439;4,834
459,803;4,834
460,167;4,663
460,531;4,883
460,895;4,761
461,259;4,810
461,623;4,736
461,987;4,785
462,351;4,883
462,714;4,980
463,078;5,054
463,442;4,858
463,806;4,980
464,169;4,785
464,533;4,858
464,896;4,980
465,260;4,907
465,623;4,736
465,987;4,932
466,350;5,005
466,714;5,103
467,077;5,054
467,441;4,932
467,804;5,078
468,167;5,151
468,530;5,054
468,894;5,225
469,257;4,956
469,620;5,078
469,983;5,225
470,346;5,225
470,709;5,151
471,072;5,127
471,435;5,298
471,798;5,249
472,161;5,347
472,524;5,225
472,887;5,273
473,250;5,347
473,613;5,371
473,975;5,371
474,338;5,371
474,701;5,396
475,064;5,371
475,426;5,640
475,789;5,469
476,151;5,640
476,514;5,640
476,876;5,396
477,239;5,640
477,601;5,469
477,964;5,640
478,326;5,542
478,689;5,542
479,051;5,640
479,413;5,713
479,775;5,688
480,138;5,713
480,500;5,688
480,862;5,737
481,224;5,762
481,586;5,811
481,948;5,786
482,310;5,664
482,672;5,762
483,034;5,811
483,396;5,835
483,758;5,908
484,120;5,835
484,482;5,859
484,843;5,981
485,205;5,786
485,567;6,006
485,929;5,811
486,290;6,030
486,652;6,104
487,014;5,933
487,375;5,859
487,737;5,957
488,098;5,811
488,460;5,933
488,821;6,177
489,182;5,884
489,544;6,030
489,905;6,128
490,266;6,079
490,628;6,079
490,989;6,152
491,350;6,226
491,711;5,884
492,072;6,128
492,433;6,421
492,794;6,299
493,155;6,299
493,516;6,323
493,877;6,079
494,238;6,226
494,599;6,152
494,960;6,128
495,321;6,226
495,682;6,226
496,042;6,372
496,403;6,299
496,764;6,323
497,125;6,152
497,485;6,348
497,846;6,323
498,206;6,250
498,567;6,274
498,927;6,543
499,288;6,226
499,648;6,421
500,009;6,372
500,369;6,445
500,729;6,445
501,090;6,519
501,450;6,421
501,810;6,592
502,170;6,567
502,530;6,567
502,890;6,348
503,251;6,567
503,611;6,494
503,971;6,592
504,331;6,616
504,691;6,567
505,050;6,616
505,410;6,641
505,770;6,689
506,130;6,543
506,490;6,616
506,850;6,714
507,209;6,543
507,569;6,616
507,929;6,885
508,288;7,007
508,648;6,787
509,007;6,934
509,367;6,934
509,726;6,689
510,086;6,909
510,445;7,056
510,804;6,934
511,164;6,982
511,523;6,934
511,882;7,080
512,242;6,885
512,601;7,056
512,960;7,202
513,319;7,129
513,678;7,227
514,037;7,178
514,396;7,349
514,755;7,471
515,114;7,397
515,473;7,300
515,832;7,324
516,191;7,397
516,550;7,275
516,908;7,275
517,267;7,495
517,626;7,446
517,985;7,495
518,343;7,446
518,702;7,568
519,060;7,666
519,419;7,568
519,777;7,739
520,136;7,617
520,494;7,568
520,853;7,812
521,211;7,959
521,569;7,788
521,928;8,008
522,286;7,666
522,644;7,935
523,002;7,812
523,361;8,008
523,719;8,008
524,077;8,032
524,435;7,959
524,793;8,252
525,151;8,105
525,509;8,008
525,867;8,130
526,224;8,154
526,582;8,154
526,940;8,081
527,298;8,032
527,656;8,203
528,013;8,081
528,371;8,081
528,729;8,203
529,086;8,179
529,444;8,276
529,801;8,179
530,159;8,203
530,516;8,252
530,874;8,374
531,231;8,154
531,588;8,350
531,946;8,374
532,303;8,252
532,660;8,398
533,017;8,496
533,375;8,423
533,732;8,398
534,089;8,374
534,446;8,472
534,803;8,521
535,160;8,643
535,517;8,838
535,874;8,643
536,231;8,618
536,588;8,643
536,944;8,667
537,301;8,765
537,658;8,936
538,015;8,838
538,371;8,862
538,728;8,789
539,085;8,765
539,441;8,887
539,798;8,911
540,154;9,131
540,511;8,911
540,867;8,960
541,223;9,155
541,580;8,960
541,936;9,009
542,292;8,936
542,649;8,911
543,005;8,813
543,361;8,960
543,717;9,131
544,073;9,131
544,429;9,180
544,785;9,106
545,141;9,155
545,497;9,302
545,853;8,960
546,209;9,180
546,565;9,375
546,921;9,570
547,277;9,448
547,632;9,570
547,988;9,229
548,344;9,497
548,699;9,497
549,055;9,619
549,410;9,326
549,766;9,595
550,122;9,399
550,477;9,619
550,832;9,619
551,188;9,570
551,543;9,839
551,898;9,766
552,254;10,059
552,609;9,863
552,964;9,741
553,319;9,985
553,674;9,888
554,030;9,863
554,385;10,059
554,740;10,034
555,095;10,010
555,450;10,205
555,804;10,156
556,159;10,205
556,514;10,352
556,869;10,181
557,224;10,645
557,578;10,205
557,933;10,278
558,288;10,474
558,642;10,547
558,997;10,474
559,352;10,498
559,706;10,669
560,060;10,522
560,415;10,693
560,769;10,718
561,124;10,645
561,478;10,645
561,832;10,742
562,187;10,962
562,541;10,742
562,895;10,767
563,249;10,889
563,603;11,206
563,957;10,840
564,311;10,840
564,665;10,889
565,019;10,815
565,373;10,718
565,727;11,157
566,081;10,669
566,435;11,255
566,788;10,645
567,142;11,011
567,496;11,304
567,850;10,742
568,203;10,645
568,557;10,913
568,910;11,108
569,264;11,255
569,617;10,815
569,971;11,108
570,324;10,840
570,677;10,864
571,031;10,742
571,384;11,035
571,737;10,913
572,091;10,693
572,444;10,718
572,797;11,084
573,150;10,767
573,503;10,913
573,856;10,840
574,209;10,767
574,562;10,669
574,915;10,718
575,268;10,669
575,621;10,449
575,973;10,278
576,326;10,449
576,679;10,522
577,032;10,352
577,384;10,278
577,737;10,449
578,089;10,352
578,442;10,254
578,794;10,449
579,147;9,888
579,499;10,376
579,852;10,083
580,204;10,229
580,556;9,839
580,909;9,961
581,261;9,985
581,613;9,766
581,965;10,156
582,317;9,888
582,670;10,010
583,022;10,132
583,374;9,595
583,726;10,034
584,077;9,668
584,429;9,863
584,781;9,717
585,133;9,766
585,485;9,790
585,837;9,668
586,188;9,717
586,540;9,570
586,892;9,595
587,243;9,180
587,595;9,473
587,946;9,790
588,298;9,546
588,649;9,717
589,001;9,692
589,352;9,570
589,703;9,351
590,055;9,619
590,406;9,180
590,757;9,399
591,108;9,595
591,459;9,692
591,810;9,546
592,162;9,497
592,513;9,839
592,864;9,546
593,215;9,644
593,565;9,546
593,916;9,595
594,267;9,595
594,618;9,546
594,969;9,570
595,319;10,010
595,670;9,741
596,021;9,766
596,371;9,961
596,722;9,814
597,072;9,912
597,423;10,107
597,773;10,181
598,124;10,205
598,474;10,352
598,824;10,352
599,175;10,376
599,525;10,327
599,875;10,376
600,225;10,376
600,576;10,327
600,926;10,742
601,276;10,522
601,626;10,913
601,976;10,645
602,326;10,791
602,676;11,108
603,025;11,279
603,375;11,230
603,725;11,255
604,075;11,304
604,424;11,279
604,774;11,475
605,124;11,572
605,473;11,694
605,823;11,890
606,172;11,890
606,522;11,646
606,871;11,963
607,221;12,183
607,570;12,231
607,919;12,109
608,269;12,524
608,618;12,329
608,967;12,549
609,316;12,769
609,665;12,866
610,015;13,062
610,364;12,964
610,713;13,135
611,062;13,257
611,411;13,159
611,759;13,477
612,108;13,452
612,457;13,647
612,806;13,892
613,155;13,647
613,503;14,160
613,852;13,892
614,201;13,965
614,549;13,940
614,898;14,014
615,246;14,160
615,595;14,453
615,943;14,429
616,291;14,453
616,640;14,673
616,988;14,795
617,336;14,893
617,685;15,088
618,033;14,697
618,381;14,990
618,729;15,039
619,077;15,039
619,425;14,819
619,773;15,112
620,121;15,112
620,469;15,381
620,817;15,332
621,165;15,552
621,512;15,601
621,860;15,283
622,208;15,161
622,556;15,356
622,903;15,625
623,251;15,796
623,598;15,381
623,946;15,405
624,293;15,698
624,641;16,089
624,988;15,869
625,335;15,747
625,683;16,113
626,030;16,211
626,377;16,138
626,724;15,820
627,072;15,771
627,419;16,064
627,766;16,089
628,113;16,040
628,460;15,918
628,807;16,187
629,154;15,771
629,501;16,260
629,847;16,064
630,194;15,894
630,541;16,064
630,888;16,040
631,234;16,162
631,581;16,333
631,928;15,967
632,274;15,747
632,621;16,138
632,967;16,187
633,313;16,235
633,660;15,967
634,006;15,796
634,353;15,771
634,699;15,918
635,045;15,918
635,391;16,089
635,737;15,820
636,083;16,113
636,430;16,406
636,776;15,991
637,122;15,967
637,467;16,064
637,813;16,382
638,159;15,967
638,505;16,333
638,851;16,016
639,197;16,309
639,542;15,918
639,888;16,016
640,234;16,309
640,579;16,211
640,925;16,138
641,270;16,113
641,616;16,138
641,961;16,040
642,306;16,235
642,652;16,138
642,997;16,040
643,342;15,918
643,687;16,284
644,033;16,064
644,378;16,064
644,723;16,235
645,068;16,113
645,413;16,211
645,758;16,162
646,103;16,284
646,448;15,918
646,793;15,967
647,137;16,187
647,482;16,260
647,827;16,260
648,172;16,162
648,516;16,162
648,861;16,382
649,205;16,528
649,550;16,309
649,894;16,260
650,239;16,748
650,583;16,504
650,927;16,040
651,272;16,455
651,616;16,675
651,960;16,699
652,304;16,675
652,649;16,772
652,993;16,772
653,337;17,017
653,681;16,577
654,025;16,675
654,369;16,895
654,713;17,065
655,056;16,992
655,400;17,017
655,744;16,992
656,088;17,187
656,431;17,505
656,775;17,603
657,119;17,285
657,462;17,554
657,806;17,798
658,149;17,383
658,493;17,676
658,836;17,603
659,179;18,237
659,523;17,578
659,866;18,066
660,209;18,286
660,553;18,555
660,896;18,311
661,239;17,944
661,582;18,799
661,925;18,872
662,268;18,530
662,611;18,994
662,954;19,287
663,297;18,945
663,639;18,652
663,982;19,556
664,325;19,336
664,668;19,434
665,010;19,775
665,353;19,995
665,695;19,727
666,038;20,264
666,380;20,166
666,723;20,239
667,065;20,483
667,408;20,923
667,750;20,728
668,092;20,654
668,434;21,436
668,777;20,923
669,119;21,289
669,461;21,216
669,803;21,582
670,145;22,070
670,487;22,021
670,829;21,924
671,171;22,290
671,513;22,363
671,854;23,218
672,196;23,291
672,538;22,998
672,879;23,779
673,221;23,706
673,563;23,804
673,904;24,072
674,246;24,438
674,587;24,780
674,929;24,878
675,270;24,780
675,611;25,146
675,953;25,366
676,294;25,903
676,635;26,221
676,976;25,928
677,317;26,562
677,659;26,953
678,000;27,124
678,341;27,612
678,682;27,539
679,022;27,441
679,363;28,101
679,704;27,881
680,045;28,711
680,386;28,833
680,726;29,297
681,067;29,126
681,408;30,005
681,748;30,200
682,089;30,103
682,429;30,371
682,770;30,933
683,110;30,933
683,451;31,396
683,791;31,982
684,131;32,007
684,471;32,422
684,812;32,471
685,152;33,154
685,492;33,203
685,832;33,032
686,172;33,423
686,512;33,398
686,852;34,351
687,192;34,155
687,532;34,888
687,871;34,985
688,211;35,083
688,551;35,181
688,890;35,425
689,230;35,986
689,570;35,889
689,909;36,938
690,249;37,158
690,588;37,256
690,928;37,476
691,267;37,476
691,606;37,842
691,946;37,842
692,285;38,184
692,624;38,989
692,963;38,794
693,302;39,258
693,641;39,087
693,980;39,282
694,319;39,844
694,658;39,282
694,997;39,990
695,336;39,478
695,675;40,332
696,014;40,845
696,352;40,405
696,691;40,356
697,030;40,698
697,368;41,040
697,707;41,553
698,045;41,089
698,384;41,260
698,722;41,357
699,061;42,505
699,399;41,602
699,737;41,577
700,075;42,114
700,414;41,724
700,752;41,992
701,090;42,651
701,428;42,822
701,766;42,480
702,104;42,603
702,442;42,578
702,780;42,896
703,118;42,188
703,455;43,066
703,793;42,285
704,131;42,822
704,469;42,651
704,806;43,042
705,144;43,237
705,481;42,773
705,819;43,384
706,156;43,237
706,494;43,384
706,831;43,872
707,168;43,579
707,506;43,213
707,843;43,652
708,180;42,993
708,517;43,701
708,854;43,213
709,191;43,384
709,528;43,286
709,865;43,628
710,202;44,238
710,539;43,555
710,876;44,043
711,213;43,774
711,550;43,457
711,886;43,579
712,223;43,384
712,560;43,628
712,896;43,140
713,233;43,481
713,569;43,433
713,906;43,799
714,242;43,237
714,578;43,506
714,915;43,433
715,251;43,457
715,587;43,555
715,923;43,799
716,259;43,164
716,595;43,262
716,931;43,359
717,267;43,018
717,603;42,285
717,939;43,701
718,275;43,384
718,611;43,530
718,947;42,578
719,283;42,822
719,618;42,554
719,954;42,700
720,289;41,895
720,625;42,017
720,960;41,846
721,296;42,651
721,631;42,163
721,967;41,772
722,302;42,310
722,637;41,870
722,973;41,528
723,308;42,017
723,643;41,577
723,978;41,431
724,313;41,187
724,648;41,675
724,983;40,820
725,318;41,211
725,653;40,576
725,988;40,601
726,322;40,820
726,657;40,674
726,992;40,649
727,326;40,332
727,661;40,552
727,996;40,479
728,330;40,747
728,665;40,625
728,999;40,015
729,333;40,332
729,668;40,015
730,002;40,186
730,336;40,112
730,670;39,893
731,005;40,039
731,339;40,015
731,673;39,893
732,007;38,940
732,341;39,014
732,675;39,648
733,009;39,282
733,342;38,672
733,676;39,404
734,010;40,063
734,344;39,063
734,677;39,258
735,011;39,087
735,344;38,745
735,678;38,696
736,011;38,672
736,345;38,818
736,678;38,696
737,012;38,672
737,345;38,403
737,678;38,696
738,011;38,403
738,344;38,306
738,678;38,574
739,011;38,647
739,344;37,622
739,677;38,550
740,010;38,159
740,342;37,964
740,675;37,964
741,008;37,866
741,341;38,525
741,674;38,110
742,006;37,842
742,339;37,427
742,671;37,720
743,004;37,720
743,336;37,866
743,669;37,744
744,001;37,988
744,333;37,280
744,666;37,598
744,998;37,134
745,330;37,354
745,662;36,865
745,994;37,671
746,326;37,476
746,658;37,573
746,990;37,207
747,322;36,987
747,654;36,938
747,986;36,548
748,318;37,329
748,649;37,280
748,981;36,816
749,313;36,572
749,644;37,085
749,976;37,183
750,307;36,719
750,639;36,182
750,970;36,719
751,302;36,841
751,633;36,597
751,964;36,255
752,295;36,450
752,627;36,572
752,958;36,499
753,289;36,450
753,620;35,864
753,951;36,597
754,282;35,962
754,613;36,621
754,944;36,133
755,274;35,596
755,605;35,791
755,936;35,864
756,266;36,084
756,597;36,597
756,928;36,060
757,258;35,327
757,589;35,596
757,919;35,571
758,249;35,083
758,580;35,913
758,910;35,376
759,240;35,693
759,571;35,083
759,901;35,376
760,231;35,034
760,561;35,156
760,891;35,034
761,221;33,838
761,551;34,497
761,881;34,644
762,210;34,448
762,540;34,253
762,870;34,595
763,200;34,180
763,529;34,229
763,859;33,984
764,188;33,667
764,518;34,326
764,847;33,667
765,177;33,813
765,506;32,422
765,835;33,936
766,165;33,228
766,494;33,350
766,823;33,228
767,152;32,568
767,481;32,715
767,810;32,666
768,139;32,544
768,468;32,446
768,797;32,593
769,126;31,641
769,455;31,860
769,783;31,787
770,112;31,445
770,441;31,299
770,769;31,787
771,098;30,957
771,426;31,787
771,755;30,640
772,083;30,273
772,412;30,371
772,740;30,005
773,068;30,371
773,396;30,225
773,725;30,054
774,053;29,907
774,381;30,029
774,709;29,565
775,037;29,590
775,365;29,224
775,693;29,370
776,020;29,199
776,348;28,394
776,676;28,809
777,004;28,125
777,331;28,320
777,659;27,808
777,986;27,637
778,314;27,930
778,641;28,149
778,969;27,417
779,296;27,271
779,623;26,465
779,951;27,051
780,278;26,758
780,605;26,147
780,932;26,123
781,259;26,172
781,586;25,732
781,913;25,708
782,240;25,220
782,567;24,707
782,894;25,269
783,221;24,805
783,547;24,829
783,874;24,023
784,201;24,194
784,527;23,926
784,854;23,901
785,180;23,437
785,507;23,584
785,833;23,218
786,160;22,803
786,486;22,363
786,812;23,022
787,138;22,412
787,465;22,095
787,791;21,924
788,117;21,851
788,443;21,606
788,769;21,265
789,095;21,851
789,421;20,947
789,746;21,387
790,072;20,752
790,398;20,801
790,724;20,166
791,049;20,068
791,375;19,897
791,700;20,190
792,026;20,239
792,351;19,946
792,677;19,482
793,002;19,482
793,327;19,434
793,652;19,336
793,978;18,872
794,303;19,531
794,628;18,896
794,953;18,530
795,278;18,921
795,603;18,359
795,928;18,530
796,253;18,896
796,577;18,506
796,902;18,286
797,227;17,993
797,552;18,384
797,876;17,456
798,201;18,164
798,525;17,993
798,850;17,480
799,174;18,018
799,498;17,480
799,823;17,822
800,147;17,529
800,471;17,334
800,795;17,090
801,120;17,114
801,444;17,212
801,768;16,919
802,092;17,139
802,416;16,455
802,739;16,553
803,063;16,748
803,387;16,260
803,711;16,333
804,034;16,504
804,358;16,284
804,682;15,967
805,005;15,747
805,329;15,869
805,652;15,308
805,975;15,381
806,299;15,430
806,622;15,527
806,945;15,308
807,268;15,332
807,592;15,137
807,915;15,137
808,238;14,673
808,561;14,575
808,884;15,161
809,207;14,795
809,529;14,551
809,852;14,233
810,175;14,380
810,498;14,185
810,820;14,355
811,143;14,478
811,465;14,160
811,788;13,916
812,110;13,818
812,433;13,940
812,755;14,087
813,077;13,623
813,400;13,354
813,722;13,184
814,044;13,159
814,366;13,330
814,688;13,208
815,010;13,525
815,332;13,110
815,654;13,135
815,976;12,866
816,298;12,866
816,619;12,964
816,941;12,817
817,263;12,524
817,584;12,207
817,906;12,549
818,227;12,036
818,549;12,231
818,870;12,329
819,192;12,231
819,513;12,109
819,834;12,207
820,155;12,158
820,477;11,768
820,798;12,085
821,119;12,036
821,440;11,719
821,761;11,987
822,082;11,768
822,402;11,353
822,723;11,646
823,044;11,401
823,365;11,450
823,685;11,377
824,006;11,230
824,326;11,084
824,647;11,133
824,967;11,304
825,288;11,353
825,608;11,108
825,928;11,084
826,249;11,230
826,569;11,426
826,889;10,938
827,209;11,035
827,529;10,889
827,849;10,864
828,169;10,767
828,489;10,791
828,809;10,767
829,129;10,571
829,448;10,571
829,768;10,718
830,088;10,547
830,407;10,352
830,727;10,742
831,046;10,474
831,366;10,522
831,685;10,327
832,005;10,278
832,324;10,254
832,643;10,522
832,962;10,645
833,281;10,425
833,601;10,425
833,920;10,327
834,239;10,278
834,558;10,107
834,876;10,254
835,195;10,181
835,514;10,083
835,833;10,303
836,151;10,352
836,470;10,156
836,789;10,205
837,107;10,181
837,426;10,254
837,744;9,741
838,062;10,205
838,381;10,156
838,699;9,985
839,017;9,937
839,335;9,985
839,654;10,010
839,972;9,888
840,290;10,010
840,608;10,229
840,926;10,034
841,243;9,985
841,561;9,961
841,879;10,205
842,197;9,863
842,514;10,010
842,832;9,863
843,150;9,814
843,467;10,205
843,785;10,059
844,102;9,937
844,419;10,010
844,737;9,668
845,054;9,888
845,371;9,985
845,688;9,839
846,005;9,741
846,322;9,790
846,639;9,424
846,956;9,741
847,273;9,692
847,590;9,692
847,907;9,937
848,224;9,839
848,540;9,497
848,857;9,595
849,173;9,741
849,490;10,010
849,806;9,619
850,123;9,619
850,439;9,863
850,756;9,619
851,072;9,619
851,388;9,570
851,704;9,570
852,020;9,546
852,336;9,497
852,652;9,692
852,968;9,375
853,284;9,717
853,600;9,692
853,916;9,375
854,232;9,448
854,547;9,302
854,863;9,277
855,179;9,351
855,494;9,229
855,810;9,473
856,125;9,277
856,441;9,375
856,756;9,302
857,071;9,253
857,386;9,448
857,702;9,277
858,017;9,229
858,332;9,229
858,647;9,399
858,962;9,351
859,277;9,033
859,592;9,424
859,907;9,131
860,221;9,229
860,536;9,033
860,851;9,058
861,165;9,277
861,480;9,180
861,794;9,155
862,109;8,862
862,423;8,936
862,738;9,033
863,052;8,765
863,366;8,936
863,680;8,862
863,994;8,765
864,309;8,740
864,623;8,960
864,937;8,667
865,251;8,765
865,564;8,569
865,878;8,789
866,192;8,496
866,506;8,545
866,819;8,643
867,133;8,740
867,447;8,667
867,760;8,569
868,074;8,276
868,387;8,398
868,700;8,496
869,014;8,374
869,327;8,472
869,640;8,276
869,953;8,228
870,266;8,154
870,579;8,350
870,892;8,154
871,205;8,301
871,518;8,057
871,831;8,179
872,144;8,057
872,456;7,910
872,769;8,081
873,082;7,959
873,394;8,008
873,707;7,910
874,019;7,666
874,332;7,739
874,644;8,057
874,956;7,617
875,269;7,666
875,581;7,666
875,893;7,471
876,205;7,568
876,517;7,397
876,829;7,544
877,141;7,349
877,453;7,397
877,765;7,593
878,076;7,471
878,388;7,324
878,700;7,300
879,011;7,178
879,323;7,153
879,634;7,227
879,946;7,104
880,257;7,178
880,569;7,031
880,880;7,104
881,191;7,080
881,502;6,982
881,814;7,104
882,125;6,885
882,436;7,007
882,747;7,056
883,057;6,860
883,368;6,763
883,679;6,763
883,990;6,958
884,301;6,909
884,611;6,836
884,922;6,714
885,232;7,080
885,543;6,714
885,853;6,714
886,164;6,714
886,474;6,812
886,784;6,665
887,095;6,543
887,405;6,689
887,715;6,714
888,025;6,592
888,335;6,494
888,645;6,421
888,955;6,592
889,265;6,445
889,574;6,543
889,884;6,592
890,194;6,470
890,503;6,396
890,813;6,421
891,123;6,323
891,432;6,323
891,741;6,299
892,051;6,299
892,360;6,445
892,669;6,470
892,979;6,470
893,288;6,299
893,597;6,250
893,906;6,348
894,215;6,323
894,524;6,201
894,833;6,274
895,141;6,030
895,450;6,152
895,759;6,104
896,068;6,226
896,376;6,104
896,685;6,055
896,993;5,957
897,302;6,104
897,610;5,933
897,918;5,957
898,227;6,006
898,535;5,981
898,843;6,055
899,151;5,884
899,459;5,762
899,767;5,957
900,075;5,957
900,383;5,908
900,691;5,933
900,999;5,640
901,306;5,957
901,614;5,786
901,922;5,811
902,229;5,908
902,537;5,713
902,844;5,664
903,152;5,664
903,459;5,835
903,766;5,542
904,074;5,737
904,381;5,786
904,688;5,664
904,995;5,713
905,302;5,469
905,609;5,518
905,916;5,664
906,223;5,566
906,530;5,566
906,836;5,640
907,143;5,542
907,450;5,444
907,756;5,591
908,063;5,664
908,369;5,542
908,676;5,444
908,982;5,518
909,288;5,518
909,595;5,396
909,901;5,420
910,207;5,176
910,513;5,493
910,819;5,469
911,125;5,396
911,431;5,127
911,737;5,347
912,043;5,396
912,349;5,249
912,654;5,298
912,960;5,347
913,266;5,322
913,571;5,347
913,877;5,371
914,182;5,347
914,487;5,444
914,793;5,420
915,098;5,347
915,403;5,371
915,708;5,078
916,013;5,322
916,319;5,200
916,624;5,444
916,928;5,396
917,233;5,347
917,538;5,200
917,843;5,225
918,148;5,225
918,452;5,225
918,757;5,225
919,061;5,298
919,366;5,249
919,670;5,273
919,975;5,249
920,279;5,151
920,583;5,200
920,888;5,273
921,192;5,151
921,496;5,273
921,800;5,225
922,104;5,054
922,408;5,127
922,712;5,151
923,016;5,176
923,319;5,151
923,623;5,054
923,927;5,273
924,230;5,273
924,534;5,103
924,837;5,200
925,141;5,273
925,444;5,151
925,748;5,103
926,051;5,225
926,354;5,176
926,657;5,078
926,960;4,883
927,263;4,956
927,566;5,127
927,869;5,029
928,172;5,054
928,475;5,225
928,778;5,103
929,080;5,005
929,383;5,200
929,686;5,103
929,988;5,151
930,291;5,151
930,593;5,176
930,895;5,127
931,198;5,151
931,500;5,103
931,802;5,249
932,104;5,127
932,407;5,054
932,709;5,078
933,011;4,980
933,312;5,127
933,614;5,078
933,916;5,273
934,218;5,225
934,520;5,127
934,821;5,176
935,123;5,054
935,424;5,054
935,726;5,103
936,027;5,054
936,329;5,054
936,630;5,151
936,931;5,151
937,232;5,127
937,534;5,151
937,835;5,054
938,136;5,225
938,437;5,176
938,738;5,225
939,038;5,225
939,339;5,200
939,640;5,151
939,941;5,151
940,241;5,054
940,542;5,200
940,842;5,225
941,143;5,054
941,443;5,298
941,743;5,225
942,044;5,322
942,344;5,322
942,644;5,127
942,944;5,225
943,244;5,200
943,544;5,176
943,844;5,103
944,144;5,029
944,444;4,980
944,744;5,078
945,044;5,127
945,343;5,176
945,643;5,420
945,942;5,200
946,242;5,151
946,541;5,151
946,841;5,176
947,140;5,127
947,439;5,151
947,738;5,200
948,038;5,225
948,337;5,225
948,636;5,322
948,935;5,151
949,234;5,078
949,532;5,127
949,831;5,078
950,130;5,225
950,429;5,249
950,727;5,103
951,026;5,103
951,324;5,225
951,623;5,029
951,921;5,176
952,220;5,054
952,518;5,200
952,816;5,225
953,114;5,054
953,412;5,127
953,711;5,273
954,009;5,347
954,307;5,176
954,604;5,103
954,902;5,225
955,200;4,932
955,498;5,151
955,795;5,127
956,093;5,176
956,391;5,225
956,688;5,151
956,985;5,127
957,283;5,005
957,580;5,078
957,877;5,176
958,175;5,127
958,472;5,127
958,769;5,127
959,066;5,127
959,363;5,200
959,660;5,103
959,957;5,273
960,253;5,127
960,550;5,151
960,847;5,029
961,143;5,078
961,440;5,127
961,736;5,103
962,033;5,103
962,329;5,176
962,626;5,176
962,922;5,176
963,218;5,103
963,514;5,029
963,810;5,151
964,106;5,103
964,402;5,054
964,698;5,151
964,994;5,176
965,290;5,103
965,586;5,029
965,881;5,200
966,177;5,103
966,473;5,078
966,768;5,103
967,064;5,103
967,359;5,103
967,654;5,103
967,950;5,029
968,245;5,005
968,540;5,103
968,835;5,176
969,130;5,103
969,425;5,103
969,720;5,127
970,015;5,005
970,310;4,980
970,605;5,054
970,899;5,127
971,194;4,980
971,488;4,883
971,783;4,932
972,077;4,980
972,372;4,858
972,666;4,907
972,961;4,980
973,255;4,834
973,549;5,054
973,843;5,029
974,137;4,736
974,431;5,029
974,725;4,956
975,019;5,005
975,313;4,907
975,607;4,883
975,900;4,980
976,194;5,005
976,487;4,834
976,781;5,005
977,074;4,907
977,368;4,858
977,661;5,127
977,955;4,858
978,248;5,078
978,541;4,932
978,834;4,883
979,127;4,907
979,420;5,029
979,713;5,029
980,006;5,029
980,299;4,883
980,592;5,005
980,884;4,932
981,177;4,907
981,469;4,956
981,762;4,980
982,054;4,883
982,347;4,883
982,639;4,980
982,932;5,005
983,224;4,858
983,516;4,785
983,808;4,883
984,100;4,956
984,392;4,956
984,684;5,005
984,976;4,980
985,268;4,907
985,559;4,907
985,851;4,883
986,143;4,932
986,434;4,810
986,726;4,858
987,017;4,858
987,309;4,956
987,600;4,858
987,891;4,883
988,183;4,907
988,474;4,907
988,765;4,810
989,056;4,785
989,347;4,810
989,638;4,736
989,929;4,907
990,220;4,956
990,510;4,810
990,801;4,907
991,092;4,810
991,382;4,761
991,673;4,614
991,963;4,834
992,254;4,858
992,544;4,810
992,834;4,956
993,124;4,834
993,414;4,687
993,705;4,810
993,995;4,956
994,285;4,687
994,575;4,736
994,864;4,883
995,154;4,810
995,444;4,761
995,734;4,712
996,023;4,883
996,313;4,785
996,602;4,785
996,892;4,858
997,181;4,736
997,470;4,687
997,760;4,712
998,049;4,736
998,338;4,785
998,627;4,858
998,916;4,712
999,205;4,736
999,494;4,614
999,783;4,810
1000,071;4,712
1000,360;4,639
1000,649;4,687
1000,937;4,663
1001,226;4,687
1001,514;4,712
1001,803;4,541
1002,091;4,712
1002,379;4,639
1002,668;4,834
1002,956;4,761
1003,244;4,590
1003,532;4,614
1003,820;4,614
1004,108;4,736
1004,396;4,565
1004,684;4,761
1004,971;4,590
1005,259;4,663
1005,547;4,663
1005,834;4,663
1006,122;4,614
1006,409;4,663
1006,697;4,639
1006,984;4,639
1007,271;4,565
1007,558;4,736
1007,846;4,736
1008,133;4,785
1008,420;4,712
1008,707;4,687
1008,993;4,443
1009,280;4,639
1009,567;4,541
1009,854;4,541
1010,140;4,590
1010,427;4,687
1010,714;4,639
1011,000;4,614
1011,286;4,590
1011,573;4,517
1011,859;4,565
1012,145;4,565
1012,432;4,639
1012,718;4,663
1013,004;4,810
1013,290;4,663
1013,576;4,736
1013,861;4,639
1014,147;4,517
1014,433;4,712
1014,719;4,639
1015,004;4,614
1015,290;4,517
1015,575;4,517
1015,861;4,541
1016,146;4,590
1016,432;4,590
1016,717;4,517
1017,002;4,468
1017,287;4,517
1017,572;4,614
1017,857;4,590
1018,142;4,614
1018,427;4,517
1018,712;4,614
1018,997;4,541
1019,281;4,614
1019,566;4,541
1019,851;4,565
1020,135;4,492
1020,419;4,541
1020,704;4,492
1020,988;4,614
1021,272;4,370
1021,557;4,468
1021,841;4,492
1022,125;4,541
1022,409;4,590
1022,693;4,590
1022,977;4,590
1023,261;4,614
1023,544;4,639
1023,828;4,565
1024,112;4,468
1024,395;4,395
1024,679;4,541
1024,962;4,419
1025,246;4,639
