Name;Sweep (T1);;;
Date;2024-11-21;;;
Time;09:00:16;;;
Instrument;FPC1500 - 204586/003;;;
Firmware Version;V1.70;;;
Country of Origin;Czech Republic;;;
Instrument Mode;Spectrum Analyzer;;;
Meas Mode;Spectrum;;;
Uplink;- - -;;;
Downlink;- - -;;;
Channel;- - -;;;
Center Frequency;1500002500;Hz;;
Frequency Offset;0;Hz;;
Span;2999995000;Hz;;
Ref Level;0;dBm;;
Ref Offset;20;dB;;
Ref Position;1,00;;;
Range;120;dB;;
RF Attenuation;Auto Low Distortion;;;
RF Attenuator;0;dB;;
Pre-Amplifier;Off;;;
RF Input;50 Ω;;;
RBW;3000000;Hz;;
VBW;3000000;Hz;;
SWT;0,038;s;;
Trigger Mode;Free Run;;;
Trigger Level;- - -;;;
Trigger Delay;- - -;;;
Trace Mode;Clear / Write;;;
Trace Math;Off;;;
Trace Detector;Sample;;;
Primary Transducer;- - -;;;
Secondary Transducer;- - -;;;
Isotropic Antenna;Off;;;
Generator Mode;TG;;;
TG Frequency Offset;0;Hz;;
TG Level;-20;dBm;;
Normalization S21;Off;;;
Limit Line 1;- - -;;;
Result Limit Line 1;- - -;;;
Limit Line 2;- - -;;;
Result Limit Line 2;- - -;;;
Marker 1;1000000000;Hz;;
Marker 1 Value;-0,46;dBm;;

Frequency [Hz];Magnitude [dBm];;;
5000;22,5182933807373;;;
2543066,8358714;18,7245121002197;;;
5081133,67174281;14,9307308197021;;;
7619200,50761421;11,1369495391846;;;
10157267,3434856;7,34316825866699;;;
12695334,179357;3,54938697814941;;;
15233401,0152284;0,0958805084228516;;;
17771467,8510998;0,0829410552978516;;;
20309534,6869712;0,0700016021728516;;;
22847601,5228426;0,0570621490478516;;;
25385668,358714;0,0441207885742188;;;
27923735,1945855;0,0311813354492188;;;
30461802,0304569;0,0151691436767578;;;
32999868,8663283;-0,0148353576660156;;;
35537935,7021997;-0,0448398590087891;;;
38076002,5380711;-0,0748443603515625;;;
40614069,3739425;-0,104848861694336;;;
43152136,2098139;-0,134853363037109;;;
45690203,0456853;-0,171730041503906;;;
48228269,8815567;-0,227180480957031;;;
50766336,7174281;-0,282632827758789;;;
53304403,5532995;-0,338083267211914;;;
55842470,3891709;-0,393535614013672;;;
58380537,2250423;-0,44898796081543;;;
60918604,0609137;-0,462285995483398;;;
63456670,8967851;-0,400644302368164;;;
65994737,7326565;-0,33900260925293;;;
68532804,5685279;-0,277360916137695;;;
71070871,4043993;-0,215721130371094;;;
73608938,2402707;-0,154079437255859;;;
76147005,0761421;-0,0922050476074219;;;
78685071,9120135;-0,0300464630126953;;;
81223138,7478849;0,0321121215820313;;;
83761205,5837563;0,0942726135253906;;;
86299272,4196278;0,156431198120117;;;
88837339,2554992;0,218589782714844;;;
91375406,0913706;0,237203598022461;;;
93913472,927242;0,218725204467773;;;
96451539,7631134;0,200246810913086;;;
98989606,5989848;0,181768417358398;;;
101527673,434856;0,163290023803711;;;
104065740,270728;0,144811630249023;;;
106603807,106599;0,130365371704102;;;
109141873,94247;0,118288040161133;;;
111679940,778342;0,106212615966797;;;
114218007,614213;0,0941352844238281;;;
116756074,450085;0,0820579528808594;;;
119294141,285956;0,0699825286865234;;;
121832208,121827;0,0575370788574219;;;
124370274,957699;0,0449485778808594;;;
126908341,79357;0,0323600769042969;;;
129446408,629442;0,0197715759277344;;;
131984475,465313;0,00718307495117188;;;
134522542,301184;-0,00540542602539063;;;
137060609,137056;0,00477027893066406;;;
139598675,972927;0,0202846527099609;;;
142136742,808799;0,0358009338378906;;;
144674809,64467;0,0513172149658203;;;
147212876,480541;0,0668315887451172;;;
149750943,316413;0,0823478698730469;;;
152289010,152284;0,122827529907227;;;
154827076,988156;0,166082382202148;;;
157365143,824027;0,209335327148438;;;
159903210,659898;0,252590179443359;;;
162441277,49577;0,295845031738281;;;
164979344,331641;0,33909797668457;;;
167517411,167513;0,306121826171875;;;
170055478,003384;0,272375106811523;;;
172593544,839256;0,238628387451172;;;
175131611,675127;0,20488166809082;;;
177669678,510998;0,171134948730469;;;
180207745,34687;0,137222290039063;;;
182745812,182741;0,101423263549805;;;
185283879,018613;0,0656242370605469;;;
187821945,854484;0,0298233032226563;;;
190360012,690355;-0,00597572326660156;;;
192898079,526227;-0,0417747497558594;;;
195436146,362098;-0,0711612701416016;;;
197974213,19797;-0,0692348480224609;;;
200512280,033841;-0,0673065185546875;;;
203050346,869712;-0,0653781890869141;;;
205588413,705584;-0,0634517669677734;;;
208126480,541455;-0,0615234375;;;
210664547,377327;-0,0591697692871094;;;
213202614,213198;-0,0556011199951172;;;
215740681,049069;-0,0520343780517578;;;
218278747,884941;-0,0484657287597656;;;
220816814,720812;-0,0448970794677734;;;
223354881,556684;-0,0413303375244141;;;
225892948,392555;-0,0400028228759766;;;
228431015,228426;-0,0428371429443359;;;
230969082,064298;-0,0456714630126953;;;
233507148,900169;-0,0485038757324219;;;
236045215,736041;-0,0513381958007813;;;
238583282,571912;-0,0541725158691406;;;
241121349,407783;-0,0736865997314453;;;
243659416,243655;-0,11442756652832;;;
246197483,079526;-0,155170440673828;;;
248735549,915398;-0,195911407470703;;;
251273616,751269;-0,236654281616211;;;
253811683,58714;-0,277397155761719;;;
256349750,423012;-0,297977447509766;;;
258887817,258883;-0,300680160522461;;;
261425884,094755;-0,303380966186523;;;
263963950,930626;-0,306083679199219;;;
266502017,766497;-0,308786392211914;;;
269040084,602369;-0,311489105224609;;;
271578151,43824;-0,299386978149414;;;
274116218,274112;-0,278213500976563;;;
276654285,109983;-0,257038116455078;;;
279192351,945854;-0,235864639282227;;;
281730418,781726;-0,214691162109375;;;
284268485,617597;-0,193515777587891;;;
286806552,453469;-0,175439834594727;;;
289344619,28934;-0,158626556396484;;;
291882686,125212;-0,141815185546875;;;
294420752,961083;-0,125003814697266;;;
296958819,796954;-0,108190536499023;;;
299496886,632826;-0,0913791656494141;;;
302034953,468697;-0,0932350158691406;;;
304573020,304569;-0,0997581481933594;;;
307111087,14044;-0,106281280517578;;;
309649153,976311;-0,112804412841797;;;
312187220,812183;-0,119327545166016;;;
314725287,648054;-0,125850677490234;;;
317263354,483926;-0,141128540039063;;;
319801421,319797;-0,157487869262695;;;
322339488,155668;-0,173847198486328;;;
324877554,99154;-0,190206527709961;;;
327415621,827411;-0,206565856933594;;;
329953688,663283;-0,222925186157227;;;
332491755,499154;-0,231548309326172;;;
335029822,335025;-0,240013122558594;;;
337567889,170897;-0,248477935791016;;;
340105956,006768;-0,25694465637207;;;
342644022,84264;-0,265409469604492;;;
345182089,678511;-0,272912979125977;;;
347720156,514382;-0,267650604248047;;;
350258223,350254;-0,262388229370117;;;
352796290,186125;-0,257125854492188;;;
355334357,021997;-0,251863479614258;;;
357872423,857868;-0,246601104736328;;;
360410490,693739;-0,243234634399414;;;
362948557,529611;-0,249828338623047;;;
365486624,365482;-0,256420135498047;;;
368024691,201354;-0,26301383972168;;;
370562758,037225;-0,269607543945313;;;
373100824,873096;-0,276199340820313;;;
375638891,708968;-0,273319244384766;;;
378176958,544839;-0,242013931274414;;;
380715025,380711;-0,210708618164063;;;
383253092,216582;-0,179405212402344;;;
385791159,052453;-0,148099899291992;;;
388329225,888325;-0,116794586181641;;;
390867292,724196;-0,100786209106445;;;
393405359,560068;-0,114469528198242;;;
395943426,395939;-0,128152847290039;;;
398481493,231811;-0,141836166381836;;;
401019560,067682;-0,155519485473633;;;
403557626,903553;-0,16920280456543;;;
406095693,739425;-0,175519943237305;;;
408633760,575296;-0,172073364257813;;;
411171827,411168;-0,168624877929688;;;
413709894,247039;-0,165178298950195;;;
416247961,08291;-0,161731719970703;;;
418786027,918782;-0,158283233642578;;;
421324094,754653;-0,155641555786133;;;
423862161,590525;-0,153739929199219;;;
426400228,426396;-0,151840209960938;;;
428938295,262267;-0,149938583374023;;;
431476362,098139;-0,148036956787109;;;
434014428,93401;-0,146137237548828;;;
436552495,769882;-0,168554306030273;;;
439090562,605753;-0,206520080566406;;;
441628629,441624;-0,244483947753906;;;
444166696,277496;-0,282449722290039;;;
446704763,113367;-0,320415496826172;;;
449242829,949239;-0,358381271362305;;;
451780896,78511;-0,369556427001953;;;
454318963,620981;-0,369251251220703;;;
456857030,456853;-0,368947982788086;;;
459395097,292724;-0,368642807006836;;;
461933164,128596;-0,368337631225586;;;
464471230,964467;-0,368034362792969;;;
467009297,800338;-0,361063003540039;;;
469547364,63621;-0,352321624755859;;;
472085431,472081;-0,34358024597168;;;
474623498,307953;-0,3348388671875;;;
477161565,143824;-0,32609748840332;;;
479699631,979695;-0,317356109619141;;;
482237698,815567;-0,320327758789063;;;
484775765,651438;-0,324895858764648;;;
487313832,48731;-0,329463958740234;;;
489851899,323181;-0,33403205871582;;;
492389966,159052;-0,338600158691406;;;
494928032,994924;-0,343168258666992;;;
497466099,830795;-0,353933334350586;;;
500004166,666667;-0,364891052246094;;;
502542233,502538;-0,375848770141602;;;
505080300,338409;-0,386804580688477;;;
507618367,174281;-0,397762298583984;;;
510156434,010152;-0,407289505004883;;;
512694500,846024;-0,394424438476563;;;
515232567,681895;-0,381557464599609;;;
517770634,517767;-0,368692398071289;;;
520308701,353638;-0,355825424194336;;;
522846768,189509;-0,342960357666016;;;
525384835,025381;-0,333024978637695;;;
527922901,861252;-0,339702606201172;;;
530460968,697124;-0,346380233764648;;;
532999035,532995;-0,353057861328125;;;
535537102,368866;-0,359735488891602;;;
538075169,204738;-0,366411209106445;;;
540613236,040609;-0,370443344116211;;;
543151302,876481;-0,366094589233398;;;
545689369,712352;-0,361745834350586;;;
548227436,548223;-0,357397079467773;;;
550765503,384095;-0,353048324584961;;;
553303570,219966;-0,348701477050781;;;
555841637,055838;-0,345365524291992;;;
558379703,891709;-0,344085693359375;;;
560917770,72758;-0,342805862426758;;;
563455837,563452;-0,341526031494141;;;
565993904,399323;-0,340248107910156;;;
568531971,235195;-0,338968276977539;;;
571070038,071066;-0,341232299804688;;;
573608104,906937;-0,348388671875;;;
576146171,742809;-0,35554313659668;;;
578684238,57868;-0,362699508666992;;;
581222305,414552;-0,369855880737305;;;
583760372,250423;-0,377012252807617;;;
586298439,086294;-0,365669250488281;;;
588836505,922166;-0,336553573608398;;;
591374572,758037;-0,307435989379883;;;
593912639,593909;-0,2783203125;;;
596450706,42978;-0,249204635620117;;;
598988773,265651;-0,220088958740234;;;
601526840,101523;-0,210084915161133;;;
604064906,937394;-0,212821960449219;;;
606602973,773266;-0,215559005737305;;;
609141040,609137;-0,218294143676758;;;
611679107,445009;-0,221031188964844;;;
614217174,28088;-0,22376823425293;;;
616755241,116751;-0,230819702148438;;;
619293307,952623;-0,239809036254883;;;
621831374,788494;-0,248798370361328;;;
624369441,624365;-0,257787704467773;;;
626907508,460237;-0,266777038574219;;;
629445575,296108;-0,275766372680664;;;
631983642,13198;-0,28801155090332;;;
634521708,967851;-0,301176071166992;;;
637059775,803723;-0,314340591430664;;;
639597842,639594;-0,327503204345703;;;
642135909,475465;-0,340667724609375;;;
644673976,311337;-0,353832244873047;;;
647212043,147208;-0,368492126464844;;;
649750109,98308;-0,38337516784668;;;
652288176,818951;-0,398260116577148;;;
654826243,654822;-0,413143157958984;;;
657364310,490694;-0,42802619934082;;;
659902377,326565;-0,442911148071289;;;
662440444,162437;-0,453283309936523;;;
664978510,998308;-0,463466644287109;;;
667516577,834179;-0,473651885986328;;;
670054644,670051;-0,483835220336914;;;
672592711,505922;-0,494020462036133;;;
675130778,341794;-0,504663467407227;;;
677668845,177665;-0,5240478515625;;;
680206912,013536;-0,543430328369141;;;
682744978,849408;-0,562814712524414;;;
685283045,685279;-0,582199096679688;;;
687821112,521151;-0,601581573486328;;;
690359179,357022;-0,625608444213867;;;
692897246,192893;-0,678155899047852;;;
695435313,028765;-0,730705261230469;;;
697973379,864636;-0,783252716064453;;;
700511446,700508;-0,83580207824707;;;
703049513,536379;-0,888349533081055;;;
705587580,37225;-0,961856842041016;;;
708125647,208122;-1,10552597045898;;;
710663714,043993;-1,24919509887695;;;
713201780,879865;-1,39286422729492;;;
715739847,715736;-1,53653335571289;;;
718277914,551607;-1,68020248413086;;;
720815981,387479;-1,73824691772461;;;
723354048,22335;-1,61434173583984;;;
725892115,059222;-1,49043464660645;;;
728430181,895093;-1,36652946472168;;;
730968248,730965;-1,24262237548828;;;
733506315,566836;-1,11871719360352;;;
736044382,402707;-1,02923583984375;;;
738582449,238579;-0,989295959472656;;;
741120516,07445;-0,94935417175293;;;
743658582,910321;-0,909412384033203;;;
746196649,746193;-0,869470596313477;;;
748734716,582064;-0,82952880859375;;;
751272783,417936;-0,784336090087891;;;
753810850,253807;-0,733892440795898;;;
756348917,089679;-0,683448791503906;;;
758886983,92555;-0,633003234863281;;;
761425050,761421;-0,582559585571289;;;
763963117,597293;-0,532114028930664;;;
766501184,433164;-0,50714111328125;;;
769039251,269036;-0,499870300292969;;;
771577318,104907;-0,492597579956055;;;
774115384,940778;-0,485324859619141;;;
776653451,77665;-0,478052139282227;;;
779191518,612521;-0,470779418945313;;;
781729585,448393;-0,457429885864258;;;
784267652,284264;-0,441221237182617;;;
786805719,120135;-0,425012588500977;;;
789343785,956007;-0,408803939819336;;;
791881852,791878;-0,392595291137695;;;
794419919,62775;-0,376386642456055;;;
796957986,463621;-0,363094329833984;;;
799496053,299492;-0,350673675537109;;;
802034120,135364;-0,338253021240234;;;
804572186,971235;-0,325832366943359;;;
807110253,807107;-0,313413619995117;;;
809648320,642978;-0,300992965698242;;;
812186387,478849;-0,304325103759766;;;
814724454,314721;-0,310220718383789;;;
817262521,150592;-0,316116333007813;;;
819800587,986464;-0,322013854980469;;;
822338654,822335;-0,327909469604492;;;
824876721,658206;-0,333805084228516;;;
827414788,494078;-0,359783172607422;;;
829952855,329949;-0,386817932128906;;;
832490922,165821;-0,413852691650391;;;
835028989,001692;-0,440887451171875;;;
837567055,837564;-0,467922210693359;;;
840105122,673435;-0,495746612548828;;;
842643189,509306;-0,54254150390625;;;
845181256,345178;-0,589336395263672;;;
847719323,181049;-0,636131286621094;;;
850257390,016921;-0,682926177978516;;;
852795456,852792;-0,729721069335938;;;
855333523,688663;-0,771432876586914;;;
857871590,524535;-0,779123306274414;;;
860409657,360406;-0,786811828613281;;;
862947724,196278;-0,794502258300781;;;
865485791,032149;-0,802190780639648;;;
868023857,86802;-0,809879302978516;;;
870561924,703892;-0,804363250732422;;;
873099991,539763;-0,752025604248047;;;
875638058,375635;-0,699687957763672;;;
878176125,211506;-0,647350311279297;;;
880714192,047377;-0,595012664794922;;;
883252258,883249;-0,54267692565918;;;
885790325,71912;-0,502763748168945;;;
888328392,554992;-0,490509033203125;;;
890866459,390863;-0,478252410888672;;;
893404526,226734;-0,465995788574219;;;
895942593,062606;-0,453741073608398;;;
898480659,898477;-0,441484451293945;;;
901018726,734349;-0,432435989379883;;;
903556793,57022;-0,428197860717773;;;
906094860,406091;-0,423961639404297;;;
908632927,241963;-0,419723510742188;;;
911170994,077834;-0,415485382080078;;;
913709060,913706;-0,411247253417969;;;
916247127,749577;-0,40635871887207;;;
918785194,585448;-0,400791168212891;;;
921323261,42132;-0,395223617553711;;;
923861328,257191;-0,389656066894531;;;
926399395,093063;-0,384088516235352;;;
928937461,928934;-0,378520965576172;;;
931475528,764805;-0,376602172851563;;;
934013595,600677;-0,377325057983398;;;
936551662,436548;-0,378047943115234;;;
939089729,27242;-0,37877082824707;;;
941627796,108291;-0,379495620727539;;;
944165862,944162;-0,380218505859375;;;
946703929,780034;-0,378698348999023;;;
949241996,615905;-0,376075744628906;;;
951780063,451777;-0,373451232910156;;;
954318130,287648;-0,370826721191406;;;
956856197,12352;-0,368204116821289;;;
959394263,959391;-0,365579605102539;;;
961932330,795262;-0,377708435058594;;;
964470397,631134;-0,394496917724609;;;
967008464,467005;-0,411285400390625;;;
969546531,302876;-0,428073883056641;;;
972084598,138748;-0,444862365722656;;;
974622664,974619;-0,461650848388672;;;
977160731,810491;-0,471511840820313;;;
979698798,646362;-0,48015022277832;;;
982236865,482234;-0,488788604736328;;;
984774932,318105;-0,497428894042969;;;
987312999,153976;-0,506067276000977;;;
989851065,989848;-0,514705657958984;;;
992389132,825719;-0,502666473388672;;;
994927199,661591;-0,489307403564453;;;
997465266,497462;-0,475948333740234;;;
1000003333,33333;-0,462589263916016;;;
1002541400,1692;-0,449230194091797;;;
1005079467,00508;-0,43626594543457;;;
1007617533,84095;-0,436065673828125;;;
1010155600,67682;-0,435863494873047;;;
1012693667,51269;-0,435663223266602;;;
1015231734,34856;-0,435462951660156;;;
1017769801,18443;-0,435262680053711;;;
1020307868,0203;-0,432718276977539;;;
1022845934,85618;-0,412996292114258;;;
1025384001,69205;-0,393272399902344;;;
1027922068,52792;-0,373550415039063;;;
1030460135,36379;-0,353826522827148;;;
1032998202,19966;-0,334104537963867;;;
1035536269,03553;-0,321243286132813;;;
1038074335,8714;-0,334194183349609;;;
1040612402,70728;-0,347145080566406;;;
1043150469,54315;-0,36009407043457;;;
1045688536,37902;-0,373044967651367;;;
1048226603,21489;-0,385995864868164;;;
1050764670,05076;-0,402627944946289;;;
1053302736,88663;-0,427848815917969;;;
1055840803,7225;-0,453069686889648;;;
1058378870,55838;-0,478290557861328;;;
1060916937,39425;-0,503513336181641;;;
1063455004,23012;-0,52873420715332;;;
1065993071,06599;-0,549039840698242;;;
1068531137,90186;-0,561656951904297;;;
1071069204,73773;-0,574275970458984;;;
1073607271,5736;-0,586893081665039;;;
1076145338,40948;-0,599512100219727;;;
1078683405,24535;-0,612129211425781;;;
1081221472,08122;-0,613273620605469;;;
1083759538,91709;-0,60198974609375;;;
1086297605,75296;-0,590705871582031;;;
1088835672,58883;-0,579421997070313;;;
1091373739,4247;-0,568138122558594;;;
1093911806,26058;-0,556854248046875;;;
1096449873,09645;-0,531499862670898;;;
1098987939,93232;-0,495529174804688;;;
1101526006,76819;-0,459560394287109;;;
1104064073,60406;-0,423589706420898;;;
1106602140,43993;-0,387619018554688;;;
1109140207,2758;-0,351650238037109;;;
1111678274,11168;-0,330169677734375;;;
1114216340,94755;-0,316152572631836;;;
1116754407,78342;-0,30213737487793;;;
1119292474,61929;-0,288120269775391;;;
1121830541,45516;-0,274105072021484;;;
1124368608,29103;-0,260087966918945;;;
1126906675,1269;-0,267646789550781;;;
1129444741,96277;-0,282398223876953;;;
1131982808,79865;-0,297147750854492;;;
1134520875,63452;-0,311899185180664;;;
1137058942,47039;-0,326648712158203;;;
1139597009,30626;-0,341400146484375;;;
1142135076,14213;-0,35589599609375;;;
1144673142,978;-0,370344161987305;;;
1147211209,81387;-0,384790420532227;;;
1149749276,64975;-0,399238586425781;;;
1152287343,48562;-0,413686752319336;;;
1154825410,32149;-0,428134918212891;;;
1157363477,15736;-0,435136795043945;;;
1159901543,99323;-0,441577911376953;;;
1162439610,8291;-0,448020935058594;;;
1164977677,66497;-0,454462051391602;;;
1167515744,50085;-0,460903167724609;;;
1170053811,33672;-0,467575073242188;;;
1172591878,17259;-0,485471725463867;;;
1175129945,00846;-0,50337028503418;;;
1177668011,84433;-0,521268844604492;;;
1180206078,6802;-0,539167404174805;;;
1182744145,51607;-0,557064056396484;;;
1185282212,35195;-0,575712203979492;;;
1187820279,18782;-0,600412368774414;;;
1190358346,02369;-0,625114440917969;;;
1192896412,85956;-0,649814605712891;;;
1195434479,69543;-0,674516677856445;;;
1197972546,5313;-0,69921875;;;
1200510613,36717;-0,719377517700195;;;
1203048680,20305;-0,721368789672852;;;
1205586747,03892;-0,723360061645508;;;
1208124813,87479;-0,725351333618164;;;
1210662880,71066;-0,72734260559082;;;
1213200947,54653;-0,729333877563477;;;
1215739014,3824;-0,721763610839844;;;
1218277081,21827;-0,690788269042969;;;
1220815148,05415;-0,659814834594727;;;
1223353214,89002;-0,628839492797852;;;
1225891281,72589;-0,597864151000977;;;
1228429348,56176;-0,566888809204102;;;
1230967415,39763;-0,537273406982422;;;
1233505482,2335;-0,509880065917969;;;
1236043549,06937;-0,482486724853516;;;
1238581615,90525;-0,455093383789063;;;
1241119682,74112;-0,427698135375977;;;
1243657749,57699;-0,400304794311523;;;
1246195816,41286;-0,392587661743164;;;
1248733883,24873;-0,40705680847168;;;
1251271950,0846;-0,421525955200195;;;
1253810016,92047;-0,435995101928711;;;
1256348083,75635;-0,450466156005859;;;
1258886150,59222;-0,464935302734375;;;
1261424217,42809;-0,491153717041016;;;
1263962284,26396;-0,526603698730469;;;
1266500351,09983;-0,562053680419922;;;
1269038417,9357;-0,597505569458008;;;
1271576484,77157;-0,632955551147461;;;
1274114551,60745;-0,668405532836914;;;
1276652618,44332;-0,687170028686523;;;
1279190685,27919;-0,696950912475586;;;
1281728752,11506;-0,706731796264648;;;
1284266818,95093;-0,716510772705078;;;
1286804885,7868;-0,726291656494141;;;
1289342952,62267;-0,736072540283203;;;
1291881019,45854;-0,73057746887207;;;
1294419086,29442;-0,71971321105957;;;
1296957153,13029;-0,708850860595703;;;
1299495219,96616;-0,697988510131836;;;
1302033286,80203;-0,687124252319336;;;
1304571353,6379;-0,676261901855469;;;
1307109420,47377;-0,683637619018555;;;
1309647487,30964;-0,694747924804688;;;
1312185554,14552;-0,705860137939453;;;
1314723620,98139;-0,716970443725586;;;
1317261687,81726;-0,728082656860352;;;
1319799754,65313;-0,739192962646484;;;
1322337821,489;-0,759750366210938;;;
1324875888,32487;-0,781129837036133;;;
1327413955,16074;-0,802509307861328;;;
1329952021,99662;-0,823886871337891;;;
1332490088,83249;-0,845266342163086;;;
1335028155,66836;-0,866395950317383;;;
1337566222,50423;-0,862710952758789;;;
1340104289,3401;-0,859025955200195;;;
1342642356,17597;-0,855342864990234;;;
1345180423,01184;-0,851657867431641;;;
1347718489,84772;-0,847972869873047;;;
1350256556,68359;-0,842491149902344;;;
1352794623,51946;-0,820827484130859;;;
1355332690,35533;-0,799163818359375;;;
1357870757,1912;-0,777502059936523;;;
1360408824,02707;-0,755838394165039;;;
1362946890,86294;-0,734174728393555;;;
1365484957,69882;-0,714702606201172;;;
1368023024,53469;-0,70457649230957;;;
1370561091,37056;-0,694448471069336;;;
1373099158,20643;-0,684322357177734;;;
1375637225,0423;-0,6741943359375;;;
1378175291,87817;-0,664068222045898;;;
1380713358,71404;-0,661472320556641;;;
1383251425,54992;-0,678247451782227;;;
1385789492,38579;-0,69502067565918;;;
1388327559,22166;-0,711793899536133;;;
1390865626,05753;-0,728567123413086;;;
1393403692,8934;-0,745342254638672;;;
1395941759,72927;-0,761043548583984;;;
1398479826,56514;-0,774921417236328;;;
1401017893,40102;-0,788799285888672;;;
1403555960,23689;-0,802679061889648;;;
1406094027,07276;-0,816556930541992;;;
1408632093,90863;-0,830434799194336;;;
1411170160,7445;-0,835329055786133;;;
1413708227,58037;-0,829673767089844;;;
1416246294,41624;-0,824020385742188;;;
1418784361,25212;-0,818367004394531;;;
1421322428,08799;-0,812713623046875;;;
1423860494,92386;-0,807060241699219;;;
1426398561,75973;-0,803714752197266;;;
1428936628,5956;-0,802257537841797;;;
1431474695,43147;-0,800802230834961;;;
1434012762,26734;-0,799345016479492;;;
1436550829,10321;-0,797889709472656;;;
1439088895,93909;-0,796432495117188;;;
1441626962,77496;-0,809009552001953;;;
1444165029,61083;-0,829479217529297;;;
1446703096,4467;-0,849948883056641;;;
1449241163,28257;-0,870418548583984;;;
1451779230,11844;-0,890888214111328;;;
1454317296,95431;-0,911357879638672;;;
1456855363,79019;-0,92755126953125;;;
1459393430,62606;-0,942163467407227;;;
1461931497,46193;-0,956775665283203;;;
1464469564,2978;-0,97138786315918;;;
1467007631,13367;-0,985998153686523;;;
1469545697,96954;-1,0006103515625;;;
1472083764,80541;-1,0201301574707;;;
1474621831,64129;-1,04072570800781;;;
1477159898,47716;-1,06132125854492;;;
1479697965,31303;-1,08191871643066;;;
1482236032,1489;-1,10251426696777;;;
1484774098,98477;-1,12310981750488;;;
1487312165,82064;-1,19274711608887;;;
1489850232,65651;-1,26723289489746;;;
1492388299,49239;-1,34171867370605;;;
1494926366,32826;-1,41620445251465;;;
1497464433,16413;-1,49069213867188;;;
1500002500;-1,56517791748047;;;
1502540566,83587;-1,7019100189209;;;
1505078633,67174;-1,83864212036133;;;
1507616700,50761;-1,97537422180176;;;
1510154767,34349;-2,11210632324219;;;
1512692834,17936;-2,24883842468262;;;
1515230901,01523;-2,36840629577637;;;
1517768967,8511;-2,31442832946777;;;
1520307034,68697;-2,26045227050781;;;
1522845101,52284;-2,20647430419922;;;
1525383168,35871;-2,15249633789063;;;
1527921235,19459;-2,09852027893066;;;
1530459302,03046;-2,02973937988281;;;
1532997368,86633;-1,89352035522461;;;
1535535435,7022;-1,75730133056641;;;
1538073502,53807;-1,6210823059082;;;
1540611569,37394;-1,48486518859863;;;
1543149636,20981;-1,34864616394043;;;
1545687703,04569;-1,23468208312988;;;
1548225769,88156;-1,18088912963867;;;
1550763836,71743;-1,12709617614746;;;
1553301903,5533;-1,07330131530762;;;
1555839970,38917;-1,01950836181641;;;
1558378037,22504;-0,965715408325195;;;
1560916104,06091;-0,931552886962891;;;
1563454170,89679;-0,932287216186523;;;
1565992237,73266;-0,933023452758789;;;
1568530304,56853;-0,933759689331055;;;
1571068371,4044;-0,934494018554688;;;
1573606438,24027;-0,935230255126953;;;
1576144505,07614;-0,936809539794922;;;
1578682571,91201;-0,939416885375977;;;
1581220638,74788;-0,942026138305664;;;
1583758705,58376;-0,944635391235352;;;
1586296772,41963;-0,947244644165039;;;
1588834839,2555;-0,949853897094727;;;
1591372906,09137;-0,937793731689453;;;
1593910972,92724;-0,913238525390625;;;
1596449039,76311;-0,888681411743164;;;
1598987106,59898;-0,864126205444336;;;
1601525173,43486;-0,839570999145508;;;
1604063240,27073;-0,815013885498047;;;
1606601307,1066;-0,794313430786133;;;
1609139373,94247;-0,775875091552734;;;
1611677440,77834;-0,757438659667969;;;
1614215507,61421;-0,73900032043457;;;
1616753574,45008;-0,720561981201172;;;
1619291641,28596;-0,702125549316406;;;
1621829708,12183;-0,707717895507813;;;
1624367774,9577;-0,722654342651367;;;
1626905841,79357;-0,737590789794922;;;
1629443908,62944;-0,752527236938477;;;
1631981975,46531;-0,767465591430664;;;
1634520042,30118;-0,782402038574219;;;
1637058109,13706;-0,788810729980469;;;
1639596175,97293;-0,793218612670898;;;
1642134242,8088;-0,797626495361328;;;
1644672309,64467;-0,802034378051758;;;
1647210376,48054;-0,806442260742188;;;
1649748443,31641;-0,810850143432617;;;
1652286510,15228;-0,80000114440918;;;
1654824576,98816;-0,787456512451172;;;
1657362643,82403;-0,774911880493164;;;
1659900710,6599;-0,762367248535156;;;
1662438777,49577;-0,749822616577148;;;
1664976844,33164;-0,737277984619141;;;
1667514911,16751;-0,735939025878906;;;
1670052978,00338;-0,734714508056641;;;
1672591044,83926;-0,733489990234375;;;
1675129111,67513;-0,732265472412109;;;
1677667178,511;-0,731040954589844;;;
1680205245,34687;-0,731685638427734;;;
1682743312,18274;-0,753843307495117;;;
1685281379,01861;-0,7760009765625;;;
1687819445,85448;-0,798158645629883;;;
1690357512,69036;-0,820316314697266;;;
1692895579,52623;-0,842473983764648;;;
1695433646,3621;-0,865272521972656;;;
1697971713,19797;-0,891195297241211;;;
1700509780,03384;-0,917118072509766;;;
1703047846,86971;-0,943042755126953;;;
1705585913,70558;-0,968965530395508;;;
1708123980,54146;-0,994888305664063;;;
1710662047,37733;-1,01068878173828;;;
1713200114,2132;-0,997676849365234;;;
1715738181,04907;-0,984664916992188;;;
1718276247,88494;-0,971652984619141;;;
1720814314,72081;-0,958641052246094;;;
1723352381,55668;-0,945627212524414;;;
1725890448,39256;-0,93861198425293;;;
1728428515,22843;-0,942729949951172;;;
1730966582,0643;-0,946849822998047;;;
1733504648,90017;-0,950967788696289;;;
1736042715,73604;-0,955085754394531;;;
1738580782,57191;-0,959205627441406;;;
1741118849,40778;-0,973098754882813;;;
1743656916,24365;-0,999433517456055;;;
1746194983,07953;-1,02577018737793;;;
1748733049,9154;-1,05210494995117;;;
1751271116,75127;-1,07843971252441;;;
1753809183,58714;-1,10477638244629;;;
1756347250,42301;-1,11847686767578;;;
1758885317,25888;-1,1209774017334;;;
1761423384,09475;-1,12347602844238;;;
1763961450,93063;-1,12597465515137;;;
1766499517,7665;-1,12847328186035;;;
1769037584,60237;-1,13097190856934;;;
1771575651,43824;-1,1114559173584;;;
1774113718,27411;-1,07844352722168;;;
1776651785,10998;-1,04543304443359;;;
1779189851,94585;-1,01242256164551;;;
1781727918,78173;-0,979412078857422;;;
1784265985,6176;-0,946401596069336;;;
1786804052,45347;-0,91143798828125;;;
1789342119,28934;-0,875677108764648;;;
1791880186,12521;-0,839916229248047;;;
1794418252,96108;-0,804155349731445;;;
1796956319,79695;-0,768394470214844;;;
1799494386,63283;-0,732633590698242;;;
1802032453,4687;-0,730815887451172;;;
1804570520,30457;-0,737485885620117;;;
1807108587,14044;-0,744155883789063;;;
1809646653,97631;-0,750825881958008;;;
1812184720,81218;-0,757495880126953;;;
1814722787,64805;-0,764163970947266;;;
1817260854,48393;-0,764886856079102;;;
1819798921,3198;-0,764875411987305;;;
1822336988,15567;-0,764863967895508;;;
1824875054,99154;-0,764852523803711;;;
1827413121,82741;-0,764839172363281;;;
1829951188,66328;-0,764827728271484;;;
1832489255,49915;-0,747411727905273;;;
1835027322,33503;-0,729639053344727;;;
1837565389,1709;-0,711868286132813;;;
1840103456,00677;-0,694097518920898;;;
1842641522,84264;-0,676324844360352;;;
1845179589,67851;-0,662651062011719;;;
1847717656,51438;-0,70341682434082;;;
1850255723,35025;-0,744184494018555;;;
1852793790,18613;-0,784950256347656;;;
1855331857,022;-0,825716018676758;;;
1857869923,85787;-0,866481781005859;;;
1860407990,69374;-0,914155960083008;;;
1862946057,52961;-0,998090744018555;;;
1865484124,36548;-1,0820255279541;;;
1868022191,20135;-1,16596031188965;;;
1870560258,03723;-1,2498950958252;;;
1873098324,8731;-1,33382987976074;;;
1875636391,70897;-1,40499877929688;;;
1878174458,54484;-1,4378662109375;;;
1880712525,38071;-1,47073364257813;;;
1883250592,21658;-1,50360107421875;;;
1885788659,05245;-1,53647041320801;;;
1888326725,88832;-1,56933784484863;;;
1890864792,7242;-1,5695972442627;;;
1893402859,56007;-1,50656127929688;;;
1895940926,39594;-1,44352531433105;;;
1898478993,23181;-1,38048934936523;;;
1901017060,06768;-1,31745338439941;;;
1903555126,90355;-1,25441741943359;;;
1906093193,73942;-1,16757202148438;;;
1908631260,5753;-1,04916763305664;;;
1911169327,41117;-0,930761337280273;;;
1913707394,24704;-0,812356948852539;;;
1916245461,08291;-0,693950653076172;;;
1918783527,91878;-0,575546264648438;;;
1921321594,75465;-0,508676528930664;;;
1923859661,59052;-0,4893798828125;;;
1926397728,4264;-0,470083236694336;;;
1928935795,26227;-0,450786590576172;;;
1931473862,09814;-0,431491851806641;;;
1934011928,93401;-0,412195205688477;;;
1936549995,76988;-0,427810668945313;;;
1939088062,60575;-0,465747833251953;;;
1941626129,44162;-0,503686904907227;;;
1944164196,2775;-0,541624069213867;;;
1946702263,11337;-0,579563140869141;;;
1949240329,94924;-0,617500305175781;;;
1951778396,78511;-0,627988815307617;;;
1954316463,62098;-0,626714706420898;;;
1956854530,45685;-0,62544059753418;;;
1959392597,29272;-0,624166488647461;;;
1961930664,1286;-0,622892379760742;;;
1964468730,96447;-0,621616363525391;;;
1967006797,80034;-0,601655960083008;;;
1969544864,63621;-0,576728820800781;;;
1972082931,47208;-0,551801681518555;;;
1974620998,30795;-0,526874542236328;;;
1977159065,14382;-0,501947402954102;;;
1979697131,9797;-0,477018356323242;;;
1982235198,81557;-0,519119262695313;;;
1984773265,65144;-0,570362091064453;;;
1987311332,48731;-0,621603012084961;;;
1989849399,32318;-0,672843933105469;;;
1992387466,15905;-0,724086761474609;;;
1994925532,99492;-0,775327682495117;;;
1997463599,8308;-0,914716720581055;;;
2000001666,66667;-1,05683135986328;;;
2002539733,50254;-1,19894599914551;;;
2005077800,33841;-1,34106063842773;;;
2007615867,17428;-1,48317527770996;;;
2010153934,01015;-1,62143135070801;;;
2012692000,84602;-1,69920349121094;;;
2015230067,6819;-1,77697563171387;;;
2017768134,51777;-1,8547477722168;;;
2020306201,35364;-1,93251991271973;;;
2022844268,18951;-2,01029205322266;;;
2025382335,02538;-2,07577133178711;;;
2027920401,86125;-2,07158470153809;;;
2030458468,69712;-2,06739807128906;;;
2032996535,53299;-2,06320953369141;;;
2035534602,36887;-2,05902290344238;;;
2038072669,20474;-2,05483627319336;;;
2040610736,04061;-1,97356605529785;;;
2043148802,87648;-1,6481990814209;;;
2045686869,71235;-1,32283020019531;;;
2048224936,54822;-0,997463226318359;;;
2050763003,38409;-0,672094345092773;;;
2053301070,21997;-0,34672737121582;;;
2055839137,05584;-0,130105972290039;;;
2058377203,89171;-0,134271621704102;;;
2060915270,72758;-0,138437271118164;;;
2063453337,56345;-0,142602920532227;;;
2065991404,39932;-0,146768569946289;;;
2068529471,23519;-0,150934219360352;;;
2071067538,07107;-0,168491363525391;;;
2073605604,90694;-0,20454216003418;;;
2076143671,74281;-0,240592956542969;;;
2078681738,57868;-0,276643753051758;;;
2081219805,41455;-0,312694549560547;;;
2083757872,25042;-0,348745346069336;;;
2086295939,08629;-0,388811111450195;;;
2088834005,92217;-0,432733535766602;;;
2091372072,75804;-0,476657867431641;;;
2093910139,59391;-0,52058219909668;;;
2096448206,42978;-0,564506530761719;;;
2098986273,26565;-0,608428955078125;;;
2101524340,10152;-0,621143341064453;;;
2104062406,93739;-0,61305046081543;;;
2106600473,77327;-0,604957580566406;;;
2109138540,60914;-0,596864700317383;;;
2111676607,44501;-0,588771820068359;;;
2114214674,28088;-0,580678939819336;;;
2116752741,11675;-0,573503494262695;;;
2119290807,95262;-0,566738128662109;;;
2121828874,78849;-0,559972763061523;;;
2124366941,62437;-0,55320930480957;;;
2126905008,46024;-0,546443939208984;;;
2129443075,29611;-0,539678573608398;;;
2131981142,13198;-0,528940200805664;;;
2134519208,96785;-0,517080307006836;;;
2137057275,80372;-0,505220413208008;;;
2139595342,63959;-0,49336051940918;;;
2142133409,47547;-0,481500625610352;;;
2144671476,31134;-0,469640731811523;;;
2147209543,14721;-0,489019393920898;;;
2149747609,98308;-0,513065338134766;;;
2152285676,81895;-0,537111282348633;;;
2154823743,65482;-0,5611572265625;;;
2157361810,49069;-0,585203170776367;;;
2159899877,32657;-0,609249114990234;;;
2162437944,16244;-0,671453475952148;;;
2164976010,99831;-0,735246658325195;;;
2167514077,83418;-0,799041748046875;;;
2170052144,67005;-0,862834930419922;;;
2172590211,50592;-0,926630020141602;;;
2175128278,34179;-0,992208480834961;;;
2177666345,17767;-1,09171485900879;;;
2180204412,01354;-1,19121932983398;;;
2182742478,84941;-1,29072570800781;;;
2185280545,68528;-1,39023017883301;;;
2187818612,52115;-1,4897346496582;;;
2190356679,35702;-1,56948852539063;;;
2192894746,19289;-1,52791404724121;;;
2195432813,02876;-1,48633766174316;;;
2197970879,86464;-1,44476318359375;;;
2200508946,70051;-1,40318870544434;;;
2203047013,53638;-1,36161231994629;;;
2205585080,37225;-1,31025123596191;;;
2208123147,20812;-1,22612762451172;;;
2210661214,04399;-1,14200401306152;;;
2213199280,87986;-1,05788230895996;;;
2215737347,71574;-0,973758697509766;;;
2218275414,55161;-0,88963508605957;;;
2220813481,38748;-0,821186065673828;;;
2223351548,22335;-0,786046981811523;;;
2225889615,05922;-0,750905990600586;;;
2228427681,89509;-0,715764999389648;;;
2230965748,73096;-0,680624008178711;;;
2233503815,56684;-0,645483016967773;;;
2236041882,40271;-0,631387710571289;;;
2238579949,23858;-0,647577285766602;;;
2241118016,07445;-0,663766860961914;;;
2243656082,91032;-0,679954528808594;;;
2246194149,74619;-0,696144104003906;;;
2248732216,58206;-0,712333679199219;;;
2251270283,41794;-0,737892150878906;;;
2253808350,25381;-0,772817611694336;;;
2256346417,08968;-0,807743072509766;;;
2258884483,92555;-0,842670440673828;;;
2261422550,76142;-0,877595901489258;;;
2263960617,59729;-0,912521362304688;;;
2266498684,43316;-0,908456802368164;;;
2269036751,26904;-0,877296447753906;;;
2271574818,10491;-0,846136093139648;;;
2274112884,94078;-0,814977645874023;;;
2276650951,77665;-0,783817291259766;;;
2279189018,61252;-0,752656936645508;;;
2281727085,44839;-0,750825881958008;;;
2284265152,28426;-0,762796401977539;;;
2286803219,12014;-0,77476692199707;;;
2289341285,95601;-0,786737442016602;;;
2291879352,79188;-0,798707962036133;;;
2294417419,62775;-0,810678482055664;;;
2296955486,46362;-0,897506713867188;;;
2299493553,29949;-1,00669479370117;;;
2302031620,13536;-1,11588287353516;;;
2304569686,97124;-1,22507286071777;;;
2307107753,80711;-1,33426094055176;;;
2309645820,64298;-1,44345092773438;;;
2312183887,47885;-1,49148559570313;;;
2314721954,31472;-1,52956581115723;;;
2317260021,15059;-1,56764602661133;;;
2319798087,98646;-1,60572624206543;;;
2322336154,82234;-1,64380836486816;;;
2324874221,65821;-1,68188858032227;;;
2327412288,49408;-1,68520736694336;;;
2329950355,32995;-1,68669891357422;;;
2332488422,16582;-1,68818855285645;;;
2335026489,00169;-1,68967819213867;;;
2337564555,83756;-1,69116973876953;;;
2340102622,67343;-1,69464111328125;;;
2342640689,50931;-1,74567985534668;;;
2345178756,34518;-1,79671859741211;;;
2347716823,18105;-1,84775924682617;;;
2350254890,01692;-1,8987979888916;;;
2352792956,85279;-1,94983673095703;;;
2355331023,68866;-2,0097599029541;;;
2357869090,52453;-2,129150390625;;;
2360407157,36041;-2,2485408782959;;;
2362945224,19628;-2,3679313659668;;;
2365483291,03215;-2,4873218536377;;;
2368021357,86802;-2,60671234130859;;;
2370559424,70389;-2,72214508056641;;;
2373097491,53976;-2,82354164123535;;;
2375635558,37563;-2,92494010925293;;;
2378173625,21151;-3,02633666992188;;;
2380711692,04738;-3,12773513793945;;;
2383249758,88325;-3,22913360595703;;;
2385787825,71912;-3,26396560668945;;;
2388325892,55499;-3,15063858032227;;;
2390863959,39086;-3,03730964660645;;;
2393402026,22673;-2,92398262023926;;;
2395940093,06261;-2,81065559387207;;;
2398478159,89848;-2,69732856750488;;;
2401016226,73435;-2,59033966064453;;;
2403554293,57022;-2,49286079406738;;;
2406092360,40609;-2,39538192749023;;;
2408630427,24196;-2,29790306091309;;;
2411168494,07783;-2,20042419433594;;;
2413706560,91371;-2,10294532775879;;;
2416244627,74958;-2,03937721252441;;;
2418782694,58545;-2,01110458374023;;;
2421320761,42132;-1,98283195495605;;;
2423858828,25719;-1,95455932617188;;;
2426396895,09306;-1,9262866973877;;;
2428934961,92893;-1,89801597595215;;;
2431473028,76481;-1,89292907714844;;;
2434011095,60068;-1,90463066101074;;;
2436549162,43655;-1,91633224487305;;;
2439087229,27242;-1,92803573608398;;;
2441625296,10829;-1,93973731994629;;;
2444163362,94416;-1,95143890380859;;;
2446701429,78003;-1,95755386352539;;;
2449239496,61591;-1,96091461181641;;;
2451777563,45178;-1,96427536010742;;;
2454315630,28765;-1,96763610839844;;;
2456853697,12352;-1,97099685668945;;;
2459391763,95939;-1,97435760498047;;;
2461929830,79526;-1,95677375793457;;;
2464467897,63113;-1,93257522583008;;;
2467005964,46701;-1,90837669372559;;;
2469544031,30288;-1,88417816162109;;;
2472082098,13875;-1,8599796295166;;;
2474620164,97462;-1,83578109741211;;;
2477158231,81049;-1,79932594299316;;;
2479696298,64636;-1,76070976257324;;;
2482234365,48223;-1,72209167480469;;;
2484772432,31811;-1,68347358703613;;;
2487310499,15398;-1,64485549926758;;;
2489848565,98985;-1,60623931884766;;;
2492386632,82572;-1,56302261352539;;;
2494924699,66159;-1,5195140838623;;;
2497462766,49746;-1,47600364685059;;;
2500000833,33333;-1,4324951171875;;;
2502538900,1692;-1,38898468017578;;;
2505076967,00508;-1,34582710266113;;;
2507615033,84095;-1,31401824951172;;;
2510153100,67682;-1,2822093963623;;;
2512691167,51269;-1,25040245056152;;;
2515229234,34856;-1,21859359741211;;;
2517767301,18443;-1,1867847442627;;;
2520305368,0203;-1,15845489501953;;;
2522843434,85618;-1,1556224822998;;;
2525381501,69205;-1,15279006958008;;;
2527919568,52792;-1,14995765686035;;;
2530457635,36379;-1,14712524414063;;;
2532995702,19966;-1,1442928314209;;;
2535533769,03553;-1,14508247375488;;;
2538071835,8714;-1,15949249267578;;;
2540609902,70728;-1,17390251159668;;;
2543147969,54315;-1,18831443786621;;;
2545686036,37902;-1,20272445678711;;;
2548224103,21489;-1,21713447570801;;;
2550762170,05076;-1,22608757019043;;;
2553300236,88663;-1,2223072052002;;;
2555838303,7225;-1,21852684020996;;;
2558376370,55838;-1,21474647521973;;;
2560914437,39425;-1,21096611022949;;;
2563452504,23012;-1,20718574523926;;;
2565990571,06599;-1,19100379943848;;;
2568528637,90186;-1,15542221069336;;;
2571066704,73773;-1,11984252929688;;;
2573604771,5736;-1,08426094055176;;;
2576142838,40948;-1,04868125915527;;;
2578680905,24535;-1,01309967041016;;;
2581218972,08122;-0,99406623840332;;;
2583757038,91709;-0,992956161499023;;;
2586295105,75296;-0,991847991943359;;;
2588833172,58883;-0,990737915039063;;;
2591371239,4247;-0,989629745483398;;;
2593909306,26058;-0,988519668579102;;;
2596447373,09645;-1,01377105712891;;;
2598985439,93232;-1,05890846252441;;;
2601523506,76819;-1,10404586791992;;;
2604061573,60406;-1,1491813659668;;;
2606599640,43993;-1,1943187713623;;;
2609137707,2758;-1,23945617675781;;;
2611675774,11168;-1,29699325561523;;;
2614213840,94755;-1,36091995239258;;;
2616751907,78342;-1,42484664916992;;;
2619289974,61929;-1,48877334594727;;;
2621828041,45516;-1,55269813537598;;;
2624366108,29103;-1,61662483215332;;;
2626904175,1269;-1,63187217712402;;;
2629442241,96278;-1,63089370727539;;;
2631980308,79865;-1,62991714477539;;;
2634518375,63452;-1,62893867492676;;;
2637056442,47039;-1,62796020507813;;;
2639594509,30626;-1,62698173522949;;;
2642132576,14213;-1,58465576171875;;;
2644670642,978;-1,53445243835449;;;
2647208709,81387;-1,48424911499023;;;
2649746776,64975;-1,43404769897461;;;
2652284843,48562;-1,38384437561035;;;
2654822910,32149;-1,33364105224609;;;
2657360977,15736;-1,29742431640625;;;
2659899043,99323;-1,26226043701172;;;
2662437110,8291;-1,22709655761719;;;
2664975177,66497;-1,19193267822266;;;
2667513244,50085;-1,15676879882813;;;
2670051311,33672;-1,1223258972168;;;
2672589378,17259;-1,12322044372559;;;
2675127445,00846;-1,12411308288574;;;
2677665511,84433;-1,1250057220459;;;
2680203578,6802;-1,12589836120605;;;
2682741645,51607;-1,12679100036621;;;
2685279712,35195;-1,12901878356934;;;
2687817779,18782;-1,14204978942871;;;
2690355846,02369;-1,15507888793945;;;
2692893912,85956;-1,1681079864502;;;
2695431979,69543;-1,18113708496094;;;
2697970046,5313;-1,19416618347168;;;
2700508113,36717;-1,20424652099609;;;
2703046180,20305;-1,2025260925293;;;
2705584247,03892;-1,2008056640625;;;
2708122313,87479;-1,1990852355957;;;
2710660380,71066;-1,19736480712891;;;
2713198447,54653;-1,19564437866211;;;
2715736514,3824;-1,20207595825195;;;
2718274581,21827;-1,22846412658691;;;
2720812648,05415;-1,25485229492188;;;
2723350714,89002;-1,28124046325684;;;
2725888781,72589;-1,3076286315918;;;
2728426848,56176;-1,33401489257813;;;
2730964915,39763;-1,34150505065918;;;
2733502982,2335;-1,31815719604492;;;
2736041049,06937;-1,29480934143066;;;
2738579115,90525;-1,27146339416504;;;
2741117182,74112;-1,24811553955078;;;
2743655249,57699;-1,22476959228516;;;
2746193316,41286;-1,20709037780762;;;
2748731383,24873;-1,19580459594727;;;
2751269450,0846;-1,18451881408691;;;
2753807516,92047;-1,17323303222656;;;
2756345583,75635;-1,16194725036621;;;
2758883650,59222;-1,15066146850586;;;
2761421717,42809;-1,15396690368652;;;
2763959784,26396;-1,16873550415039;;;
2766497851,09983;-1,18350219726563;;;
2769035917,9357;-1,19827079772949;;;
2771573984,77157;-1,21303749084473;;;
2774112051,60745;-1,22780609130859;;;
2776650118,44332;-1,24641609191895;;;
2779188185,27919;-1,2670955657959;;;
2781726252,11506;-1,28777503967285;;;
2784264318,95093;-1,3084545135498;;;
2786802385,7868;-1,32913398742676;;;
2789340452,62267;-1,34981346130371;;;
2791878519,45854;-1,3492431640625;;;
2794416586,29442;-1,34120750427246;;;
2796954653,13029;-1,33316993713379;;;
2799492719,96616;-1,32513427734375;;;
2802030786,80203;-1,31709861755371;;;
2804568853,6379;-1,30906105041504;;;
2807106920,47377;-1,27754592895508;;;
2809644987,30964;-1,2412223815918;;;
2812183054,14552;-1,20489692687988;;;
2814721120,98139;-1,1685733795166;;;
2817259187,81726;-1,13224792480469;;;
2819797254,65313;-1,09592437744141;;;
2822335321,489;-1,08045959472656;;;
2824873388,32487;-1,06680870056152;;;
2827411455,16074;-1,05315780639648;;;
2829949521,99662;-1,03950881958008;;;
2832487588,83249;-1,02585792541504;;;
2835025655,66836;-1,01247406005859;;;
2837563722,50423;-1,02541542053223;;;
2840101789,3401;-1,03835487365723;;;
2842639856,17597;-1,05129623413086;;;
2845177923,01184;-1,06423759460449;;;
2847715989,84772;-1,07717895507813;;;
2850254056,68359;-1,09299468994141;;;
2852792123,51946;-1,13468360900879;;;
2855330190,35533;-1,17637252807617;;;
2857868257,1912;-1,21806144714355;;;
2860406324,02707;-1,25975036621094;;;
2862944390,86294;-1,30144119262695;;;
2865482457,69882;-1,33256912231445;;;
2868020524,53469;-1,31867218017578;;;
2870558591,37056;-1,30477523803711;;;
2873096658,20643;-1,29087829589844;;;
2875634725,0423;-1,27698135375977;;;
2878172791,87817;-1,26308441162109;;;
2880710858,71404;-1,2501106262207;;;
2883248925,54992;-1,23951148986816;;;
2885786992,38579;-1,22891426086426;;;
2888325059,22166;-1,21831512451172;;;
2890863126,05753;-1,20771598815918;;;
2893401192,8934;-1,19711875915527;;;
2895939259,72927;-1,23028373718262;;;
2898477326,56514;-1,33796501159668;;;
2901015393,40102;-1,44564628601074;;;
2903553460,23689;-1,5533275604248;;;
2906091527,07276;-1,66100883483887;;;
2908629593,90863;-1,76869201660156;;;
2911167660,7445;-1,82296180725098;;;
2913705727,58037;-1,81452941894531;;;
2916243794,41624;-1,80609893798828;;;
2918781861,25212;-1,79766654968262;;;
2921319928,08799;-1,78923606872559;;;
2923857994,92386;-1,78080368041992;;;
2926396061,75973;-1,78336334228516;;;
2928934128,5956;-1,79491424560547;;;
2931472195,43147;-1,80646514892578;;;
2934010262,26734;-1,81801605224609;;;
2936548329,10322;-1,82956695556641;;;
2939086395,93909;-1,84111785888672;;;
2941624462,77496;-1,81903457641602;;;
2944162529,61083;-1,77803039550781;;;
2946700596,4467;-1,73702812194824;;;
2949238663,28257;-1,69602394104004;;;
2951776730,11844;-1,65502166748047;;;
2954314796,95431;-1,61401748657227;;;
2956852863,79019;-1,60659980773926;;;
2959390930,62606;-1,61160278320313;;;
2961928997,46193;-1,61660575866699;;;
2964467064,2978;-1,62160873413086;;;
2967005131,13367;-1,62661170959473;;;
2969543197,96954;-1,63161468505859;;;
2972081264,80541;-1,63068199157715;;;
2974619331,64129;-1,62844848632813;;;
2977157398,47716;-1,62621307373047;;;
2979695465,31303;-1,62397956848145;;;
2982233532,1489;-1,62174415588379;;;
2984771598,98477;-1,61950874328613;;;
2987309665,82064;-1,57481575012207;;;
2989847732,65651;-1,52592086791992;;;
2992385799,49239;-1,47702789306641;;;
2994923866,32826;-1,42813301086426;;;
2997461933,16413;-1,37924003601074;;;
3000000000;-1,33034515380859;;;
