Wavelength (nm);Intensity reference;;Untitled.sp;;;reference;
342,903;4,443;;2024-12-02 13:31:22;;Integration Time;500 ms;
343,276;4,395;;Analyze Light;;Number of Scans to Average;1;
343,649;4,956;;;;Smoothing;0;
344,023;4,272
344,396;4,395
344,769;4,517
345,142;4,492
345,515;4,517
345,888;4,541
346,261;4,492
346,634;4,443
347,007;4,370
347,380;4,614
347,753;4,468
348,126;4,468
348,499;4,443
348,871;4,395
349,244;4,443
349,617;4,541
349,990;4,468
350,362;4,370
350,735;4,443
351,108;4,517
351,480;4,785
351,853;4,492
352,226;4,468
352,598;4,565
352,971;4,541
353,343;5,322
353,716;4,468
354,088;4,565
354,461;4,443
354,833;4,492
355,205;4,419
355,578;4,443
355,950;4,492
356,322;4,541
356,695;4,468
357,067;4,443
357,439;4,541
357,811;4,590
358,183;4,785
358,556;4,565
358,928;4,541
359,300;4,834
359,672;4,565
360,044;4,443
360,416;4,663
360,788;4,492
361,160;4,614
361,532;4,590
361,903;4,492
362,275;4,517
362,647;4,590
363,019;4,590
363,391;5,005
363,763;4,687
364,134;5,151
364,506;4,443
364,878;5,298
365,249;4,565
365,621;5,005
365,992;4,834
366,364;4,517
366,736;4,614
367,107;4,541
367,479;4,614
367,850;4,565
368,221;4,687
368,593;4,639
368,964;4,834
369,335;4,687
369,707;4,663
370,078;4,761
370,449;4,736
370,821;4,907
371,192;4,956
371,563;5,029
371,934;4,956
372,305;4,907
372,676;5,151
373,047;4,883
373,418;5,054
373,789;4,980
374,160;4,980
374,531;4,858
374,902;5,127
375,273;4,932
375,644;5,054
376,015;4,858
376,386;4,932
376,756;5,005
377,127;4,956
377,498;5,127
377,869;5,054
378,239;4,785
378,610;4,834
378,981;5,005
379,351;4,883
379,722;4,956
380,092;4,883
380,463;4,956
380,833;4,687
381,204;4,687
381,574;4,980
381,944;5,249
382,315;4,736
382,685;4,883
383,055;4,834
383,426;4,761
383,796;4,614
384,166;4,858
384,536;4,687
384,907;4,785
385,277;4,834
385,647;4,810
386,017;4,736
386,387;4,980
386,757;4,712
387,127;4,565
387,497;4,761
387,867;4,907
388,237;4,761
388,607;4,639
388,976;4,639
389,346;4,687
389,716;5,200
390,086;4,614
390,456;4,687
390,825;4,883
391,195;4,785
391,565;4,663
391,934;4,614
392,304;4,614
392,673;4,614
393,043;4,736
393,412;4,736
393,782;4,541
394,151;4,736
394,521;4,663
394,890;4,565
395,260;4,712
395,629;4,663
395,998;4,687
396,368;4,687
396,737;4,590
397,106;4,810
397,475;4,468
397,844;5,469
398,213;4,614
398,583;4,687
398,952;4,639
399,321;4,980
399,690;4,614
400,059;4,663
400,428;4,761
400,797;4,614
401,166;4,614
401,534;4,761
401,903;4,712
402,272;4,492
402,641;4,785
403,010;4,517
403,378;4,614
403,747;4,639
404,116;4,639
404,484;4,590
404,853;4,468
405,222;5,029
405,590;4,541
405,959;5,273
406,327;4,639
406,696;4,614
407,064;4,712
407,432;4,492
407,801;4,736
408,169;4,614
408,537;4,517
408,906;4,663
409,274;4,639
409,642;4,590
410,010;4,541
410,379;4,956
410,747;4,614
411,115;4,956
411,483;4,590
411,851;4,712
412,219;4,980
412,587;4,663
412,955;4,565
413,323;4,565
413,691;4,443
414,059;4,663
414,426;4,541
414,794;4,614
415,162;4,443
415,530;4,712
415,898;4,663
416,265;4,663
416,633;4,663
417,001;4,639
417,368;4,639
417,736;4,614
418,103;4,687
418,471;4,492
418,838;4,639
419,206;4,590
419,573;4,639
419,941;4,663
420,308;4,395
420,675;4,687
421,043;4,663
421,410;4,590
421,777;4,663
422,144;4,565
422,511;4,590
422,879;4,614
423,246;4,443
423,613;4,736
423,980;4,687
424,347;4,687
424,714;4,590
425,081;4,614
425,448;4,663
425,815;4,614
426,182;4,687
426,549;5,103
426,915;4,590
427,282;4,590
427,649;4,639
428,016;4,761
428,382;4,517
428,749;4,565
429,116;4,468
429,482;4,956
429,849;4,761
430,215;4,614
430,582;4,517
430,948;4,590
431,315;4,614
431,681;4,614
432,048;4,468
432,414;4,492
432,780;4,663
433,147;4,639
433,513;4,492
433,879;4,565
434,245;4,590
434,612;4,492
434,978;4,468
435,344;4,565
435,710;4,590
436,076;4,614
436,442;4,541
436,808;4,614
437,174;4,517
437,540;4,761
437,906;4,663
438,272;4,639
438,638;4,517
439,003;4,492
439,369;4,565
439,735;4,492
440,101;4,541
440,466;4,614
440,832;4,419
441,198;4,834
441,563;4,590
441,929;4,541
442,294;4,419
442,660;4,663
443,025;4,492
443,391;4,395
443,756;4,663
444,122;4,639
444,487;4,590
444,852;4,639
445,218;4,517
445,583;4,858
445,948;4,468
446,313;4,663
446,678;4,712
447,044;5,054
447,409;4,565
447,774;4,541
448,139;4,419
448,504;4,541
448,869;4,614
449,234;4,590
449,599;4,590
449,964;4,639
450,328;4,639
450,693;4,663
451,058;4,663
451,423;4,639
451,787;4,590
452,152;4,687
452,517;4,370
452,881;4,663
453,246;4,565
453,611;4,517
453,975;4,541
454,340;4,736
454,704;4,712
455,069;5,078
455,433;4,517
455,797;4,687
456,162;4,541
456,526;4,468
456,890;4,761
457,255;4,517
457,619;4,541
457,983;4,590
458,347;4,663
458,711;4,492
459,075;4,443
459,439;4,541
459,803;4,614
460,167;4,541
460,531;4,639
460,895;5,078
461,259;4,736
461,623;4,639
461,987;4,565
462,351;4,614
462,714;4,663
463,078;4,492
463,442;4,810
463,806;4,517
464,169;4,590
464,533;4,565
464,896;4,834
465,260;4,712
465,623;4,639
465,987;5,054
466,350;4,541
466,714;4,565
467,077;4,565
467,441;4,419
467,804;4,663
468,167;4,590
468,530;4,517
468,894;4,712
469,257;4,614
469,620;4,565
469,983;4,614
470,346;4,443
470,709;4,614
471,072;4,639
471,435;5,298
471,798;4,614
472,161;4,565
472,524;4,541
472,887;4,639
473,250;4,517
473,613;4,687
473,975;4,785
474,338;4,639
474,701;4,565
475,064;4,590
475,426;4,541
475,789;5,127
476,151;4,541
476,514;4,468
476,876;4,492
477,239;4,590
477,601;4,565
477,964;4,736
478,326;4,565
478,689;4,541
479,051;4,590
479,413;4,614
479,775;4,590
480,138;4,541
480,500;4,541
480,862;4,687
481,224;4,370
481,586;4,712
481,948;4,639
482,310;4,590
482,672;4,517
483,034;4,736
483,396;4,565
483,758;4,590
484,120;4,541
484,482;4,687
484,843;4,614
485,205;4,492
485,567;4,687
485,929;4,639
486,290;4,565
486,652;4,614
487,014;4,663
487,375;4,565
487,737;4,736
488,098;4,517
488,460;4,614
488,821;4,492
489,182;4,541
489,544;4,614
489,905;4,468
490,266;5,249
490,628;4,517
490,989;4,468
491,350;4,541
491,711;4,614
492,072;4,468
492,433;4,492
492,794;4,687
493,155;4,590
493,516;4,639
493,877;4,590
494,238;4,419
494,599;5,225
494,960;4,614
495,321;4,565
495,682;4,541
496,042;4,248
496,403;4,614
496,764;4,614
497,125;4,614
497,485;4,614
497,846;4,492
498,206;4,663
498,567;4,541
498,927;5,103
499,288;4,565
499,648;4,517
500,009;4,590
500,369;4,565
500,729;4,565
501,090;4,565
501,450;4,663
501,810;4,687
502,170;4,590
502,530;4,614
502,890;4,443
503,251;4,736
503,611;4,761
503,971;4,419
504,331;4,370
504,691;4,443
505,050;4,517
505,410;4,639
505,770;4,565
506,130;5,127
506,490;4,468
506,850;4,614
507,209;4,492
507,569;4,663
507,929;4,614
508,288;4,663
508,648;4,517
509,007;4,614
509,367;4,443
509,726;4,810
510,086;4,541
510,445;4,590
510,804;4,517
511,164;4,492
511,523;4,565
511,882;4,956
512,242;4,565
512,601;4,663
512,960;4,565
513,319;4,663
513,678;4,590
514,037;4,517
514,396;4,736
514,755;5,298
515,114;4,517
515,473;4,468
515,832;4,639
516,191;4,712
516,550;4,492
516,908;4,687
517,267;4,590
517,626;4,565
517,985;4,614
518,343;4,590
518,702;4,590
519,060;4,590
519,419;4,517
519,777;4,614
520,136;4,468
520,494;4,492
520,853;4,395
521,211;4,517
521,569;4,639
521,928;4,687
522,286;4,614
522,644;4,590
523,002;4,663
523,361;4,443
523,719;4,712
524,077;4,761
524,435;4,517
524,793;4,541
525,151;4,492
525,509;4,541
525,867;4,565
526,224;5,908
526,582;4,565
526,940;4,565
527,298;4,810
527,656;4,614
528,013;4,565
528,371;4,687
528,729;4,541
529,086;4,517
529,444;4,614
529,801;4,541
530,159;4,614
530,516;4,468
530,874;4,492
531,231;4,687
531,588;4,614
531,946;4,614
532,303;4,565
532,660;4,639
533,017;4,639
533,375;4,639
533,732;4,736
534,089;4,687
534,446;4,565
534,803;4,614
535,160;4,590
535,517;4,565
535,874;4,565
536,231;4,565
536,588;5,347
536,944;4,687
537,301;4,517
537,658;4,834
538,015;4,565
538,371;4,395
538,728;4,712
539,085;4,517
539,441;4,541
539,798;4,517
540,154;4,541
540,511;4,687
540,867;4,346
541,223;4,517
541,580;17,847
541,936;4,492
542,292;4,761
542,649;4,614
543,005;4,761
543,361;4,517
543,717;4,736
544,073;4,565
544,429;4,980
544,785;4,443
545,141;4,590
545,497;4,565
545,853;4,517
546,209;4,614
546,565;4,614
546,921;4,590
547,277;4,443
547,632;4,663
547,988;4,687
548,344;4,614
548,699;4,614
549,055;4,565
549,410;4,663
549,766;4,565
550,122;4,565
550,477;4,395
550,832;4,541
551,188;4,590
551,543;4,492
551,898;4,492
552,254;4,858
552,609;4,687
552,964;4,492
553,319;4,663
553,674;4,419
554,030;4,492
554,385;4,517
554,740;4,541
555,095;4,639
555,450;4,492
555,804;4,614
556,159;4,663
556,514;4,565
556,869;4,492
557,224;6,079
557,578;4,517
557,933;4,517
558,288;4,541
558,642;4,614
558,997;4,883
559,352;4,370
559,706;4,639
560,060;4,639
560,415;4,639
560,769;4,492
561,124;4,687
561,478;4,590
561,832;5,347
562,187;4,614
562,541;4,614
562,895;4,541
563,249;4,712
563,603;4,468
563,957;4,541
564,311;4,590
564,665;4,932
565,019;4,541
565,373;4,541
565,727;4,468
566,081;4,443
566,435;4,712
566,788;4,565
567,142;4,419
567,496;4,492
567,850;5,200
568,203;4,663
568,557;4,590
568,910;4,614
569,264;4,614
569,617;4,541
569,971;4,565
570,324;4,590
570,677;4,712
571,031;5,029
571,384;4,590
571,737;4,565
572,091;4,517
572,444;4,565
572,797;4,492
573,150;4,492
573,503;4,565
573,856;4,565
574,209;4,468
574,562;4,517
574,915;4,443
575,268;4,565
575,621;4,639
575,973;4,883
576,326;4,468
576,679;4,517
577,032;4,492
577,384;4,590
577,737;4,736
578,089;4,663
578,442;4,492
578,794;4,541
579,147;4,614
579,499;4,517
579,852;4,614
580,204;4,468
580,556;4,517
580,909;4,761
581,261;4,443
581,613;4,492
581,965;4,565
582,317;4,492
582,670;4,443
583,022;4,565
583,374;4,590
583,726;4,517
584,077;4,492
584,429;4,395
584,781;4,565
585,133;4,004
585,485;4,590
585,837;4,590
586,188;4,980
586,540;4,687
586,892;4,565
587,243;4,565
587,595;4,517
587,946;4,590
588,298;4,565
588,649;4,492
589,001;4,541
589,352;4,663
589,703;4,443
590,055;4,517
590,406;4,443
590,757;5,005
591,108;4,687
591,459;4,614
591,810;4,687
592,162;4,443
592,513;4,517
592,864;4,712
593,215;4,736
593,565;5,078
593,916;4,663
594,267;4,541
594,618;4,614
594,969;4,492
595,319;4,541
595,670;4,590
596,021;4,492
596,371;4,492
596,722;4,639
597,072;4,517
597,423;4,468
597,773;4,663
598,124;4,443
598,474;4,492
598,824;4,517
599,175;4,541
599,525;4,565
599,875;4,932
600,225;4,443
600,576;4,712
600,926;4,565
601,276;4,541
601,626;4,419
601,976;4,565
602,326;4,614
602,676;4,590
603,025;4,517
603,375;4,980
603,725;4,517
604,075;4,614
604,424;4,639
604,774;4,468
605,124;4,517
605,473;4,468
605,823;4,712
606,172;4,614
606,522;4,883
606,871;4,614
607,221;4,590
607,570;4,395
607,919;4,395
608,269;4,565
608,618;4,614
608,967;4,541
609,316;4,687
609,665;4,443
610,015;4,517
610,364;4,443
610,713;4,590
611,062;4,321
611,411;4,590
611,759;4,785
612,108;4,687
612,457;4,687
612,806;4,956
613,155;4,492
613,503;4,858
613,852;4,663
614,201;4,541
614,549;4,517
614,898;4,492
615,246;4,419
615,595;4,443
615,943;4,663
616,291;4,517
616,640;4,492
616,988;4,565
617,336;4,590
617,685;4,565
618,033;4,687
618,381;4,468
618,729;4,443
619,077;4,468
619,425;4,565
619,773;4,517
620,121;4,517
620,469;4,492
620,817;4,443
621,165;4,346
621,512;4,541
621,860;4,687
622,208;4,443
622,556;4,590
622,903;4,517
623,251;4,785
623,598;4,395
623,946;4,346
624,293;4,663
624,641;4,541
624,988;4,443
625,335;4,663
625,683;4,541
626,030;4,639
626,377;4,614
626,724;4,517
627,072;4,663
627,419;4,517
627,766;5,420
628,113;4,541
628,460;4,517
628,807;4,541
629,154;4,517
629,501;4,663
629,847;4,614
630,194;4,443
630,541;4,590
630,888;4,443
631,234;4,565
631,581;4,614
631,928;4,614
632,274;4,663
632,621;4,517
632,967;4,736
633,313;4,492
633,660;5,127
634,006;4,932
634,353;4,517
634,699;4,565
635,045;4,492
635,391;4,517
635,737;4,541
636,083;4,590
636,430;4,541
636,776;4,517
637,122;4,614
637,467;4,541
637,813;4,590
638,159;4,590
638,505;4,590
638,851;4,712
639,197;4,712
639,542;4,541
639,888;5,322
640,234;4,663
640,579;4,565
640,925;4,541
641,270;4,565
641,616;4,614
641,961;4,443
642,306;4,541
642,652;4,614
642,997;4,468
643,342;4,492
643,687;4,639
644,033;4,663
644,378;4,614
644,723;4,541
645,068;4,492
645,413;4,565
645,758;4,517
646,103;4,468
646,448;4,541
646,793;4,614
647,137;4,614
647,482;4,419
647,827;4,541
648,172;4,443
648,516;4,590
648,861;4,517
649,205;4,590
649,550;4,492
649,894;4,443
650,239;4,517
650,583;4,541
650,927;4,443
651,272;4,810
651,616;4,590
651,960;4,517
652,304;4,517
652,649;4,443
652,993;4,565
653,337;4,565
653,681;4,785
654,025;4,492
654,369;4,565
654,713;4,541
655,056;4,492
655,400;4,590
655,744;4,590
656,088;4,590
656,431;5,273
656,775;4,492
657,119;4,590
657,462;4,395
657,806;4,614
658,149;3,931
658,493;4,517
658,836;4,517
659,179;5,103
659,523;4,565
659,866;4,443
660,209;4,932
660,553;4,639
660,896;5,029
661,239;4,639
661,582;4,468
661,925;4,541
662,268;4,712
662,611;4,443
662,954;4,395
663,297;4,590
663,639;4,517
663,982;5,151
664,325;4,492
664,668;4,468
665,010;4,834
665,353;4,590
665,695;4,590
666,038;4,443
666,380;4,639
666,723;4,590
667,065;4,565
667,408;5,005
667,750;4,565
668,092;4,517
668,434;4,468
668,777;4,565
669,119;4,492
669,461;4,639
669,803;4,565
670,145;4,443
670,487;4,565
670,829;4,517
671,171;4,541
671,513;4,541
671,854;4,395
672,196;4,590
672,538;4,419
672,879;4,614
673,221;4,663
673,563;4,565
673,904;4,468
674,246;4,492
674,587;4,590
674,929;4,419
675,270;4,517
675,611;4,468
675,953;4,565
676,294;4,590
676,635;4,541
676,976;4,565
677,317;4,517
677,659;5,054
678,000;4,639
678,341;4,492
678,682;4,468
679,022;4,639
679,363;4,565
679,704;4,639
680,045;5,664
680,386;4,663
680,726;4,517
681,067;4,663
681,408;4,468
681,748;4,517
682,089;4,614
682,429;4,712
682,770;4,541
683,110;4,468
683,451;4,565
683,791;4,712
684,131;4,590
684,471;4,590
684,812;4,761
685,152;4,370
685,492;4,419
685,832;4,492
686,172;4,565
686,512;4,492
686,852;4,541
687,192;4,565
687,532;4,468
687,871;4,858
688,211;4,590
688,551;4,346
688,890;4,590
689,230;4,907
689,570;4,395
689,909;4,492
690,249;4,492
690,588;4,517
690,928;4,614
691,267;4,443
691,606;4,443
691,946;4,541
692,285;4,443
692,624;4,663
692,963;4,712
693,302;4,468
693,641;4,492
693,980;4,639
694,319;4,541
694,658;4,614
694,997;4,785
695,336;4,541
695,675;4,443
696,014;4,736
696,352;4,517
696,691;4,663
697,030;4,687
697,368;4,639
697,707;4,663
698,045;5,566
698,384;4,565
698,722;4,541
699,061;4,468
699,399;4,517
699,737;4,590
700,075;4,810
700,414;4,736
700,752;4,614
701,090;4,517
701,428;4,468
701,766;4,956
702,104;4,614
702,442;4,785
702,780;4,565
703,118;4,663
703,455;4,468
703,793;4,614
704,131;4,541
704,469;4,541
704,806;4,419
705,144;4,517
705,481;4,614
705,819;5,811
706,156;4,468
706,494;4,785
706,831;4,492
707,168;4,541
707,506;5,054
707,843;4,687
708,180;4,517
708,517;4,517
708,854;4,590
709,191;4,541
709,528;4,834
709,865;4,541
710,202;4,517
710,539;4,590
710,876;4,492
711,213;4,443
711,550;4,736
711,886;4,541
712,223;4,907
712,560;4,663
712,896;4,810
713,233;4,565
713,569;4,468
713,906;4,614
714,242;4,736
714,578;4,468
714,915;4,614
715,251;4,541
715,587;4,517
715,923;4,639
716,259;4,810
716,595;4,419
716,931;4,468
717,267;4,590
717,603;4,492
717,939;4,541
718,275;4,395
718,611;4,517
718,947;4,614
719,283;4,541
719,618;4,517
719,954;4,565
720,289;4,541
720,625;4,517
720,960;4,517
721,296;4,565
721,631;4,419
721,967;4,810
722,302;4,639
722,637;4,395
722,973;4,541
723,308;4,590
723,643;5,127
723,978;4,614
724,313;4,492
724,648;4,492
724,983;4,907
725,318;4,395
725,653;4,419
725,988;4,419
726,322;4,907
726,657;4,468
726,992;4,443
727,326;4,395
727,661;4,590
727,996;4,395
728,330;4,517
728,665;4,517
728,999;4,443
729,333;4,687
729,668;4,639
730,002;4,736
730,336;4,907
730,670;4,517
731,005;4,517
731,339;4,492
731,673;4,761
732,007;4,614
732,341;4,492
732,675;4,663
733,009;4,663
733,342;4,614
733,676;4,590
734,010;4,590
734,344;4,663
734,677;4,614
735,011;4,590
735,344;4,517
735,678;4,395
736,011;4,541
736,345;4,517
736,678;4,687
737,012;4,395
737,345;4,541
737,678;4,370
738,011;5,273
738,344;4,590
738,678;4,590
739,011;4,565
739,344;4,517
739,677;4,468
740,010;4,565
740,342;4,663
740,675;4,614
741,008;4,517
741,341;4,590
741,674;4,541
742,006;4,687
742,339;4,590
742,671;4,468
743,004;4,590
743,336;4,492
743,669;4,565
744,001;4,468
744,333;4,419
744,666;4,346
744,998;4,492
745,330;4,590
745,662;4,517
745,994;4,541
746,326;4,614
746,658;4,492
746,990;5,444
747,322;4,468
747,654;4,663
747,986;4,565
748,318;4,492
748,649;4,443
748,981;4,492
749,313;4,614
749,644;4,590
749,976;4,565
750,307;4,517
750,639;4,590
750,970;4,541
751,302;5,518
751,633;4,443
751,964;4,468
752,295;4,517
752,627;4,468
752,958;4,565
753,289;4,443
753,620;4,663
753,951;4,565
754,282;4,590
754,613;4,443
754,944;4,590
755,274;4,419
755,605;4,810
755,936;4,492
756,266;4,419
756,597;4,541
756,928;4,443
757,258;4,517
757,589;4,541
757,919;4,517
758,249;4,639
758,580;4,712
758,910;4,492
759,240;4,517
759,571;4,932
759,901;4,712
760,231;4,785
760,561;4,541
760,891;4,614
761,221;4,590
761,551;4,419
761,881;4,565
762,210;4,687
762,540;4,590
762,870;4,468
763,200;4,517
763,529;4,590
763,859;4,492
764,188;4,468
764,518;4,443
764,847;4,395
765,177;4,614
765,506;4,590
765,835;4,395
766,165;4,565
766,494;4,492
766,823;4,517
767,152;4,590
767,481;4,639
767,810;4,492
768,139;4,541
768,468;4,492
768,797;4,419
769,126;4,639
769,455;4,736
769,783;4,639
770,112;4,590
770,441;4,419
770,769;4,517
771,098;4,565
771,426;4,492
771,755;4,541
772,083;4,639
772,412;4,590
772,740;4,541
773,068;4,492
773,396;4,492
773,725;4,590
774,053;4,541
774,381;4,614
774,709;4,565
775,037;4,614
775,365;4,492
775,693;4,517
776,020;4,639
776,348;4,541
776,676;4,541
777,004;4,492
777,331;4,565
777,659;4,956
777,986;4,541
778,314;4,541
778,641;4,370
778,969;4,492
779,296;4,517
779,623;4,517
779,951;4,736
780,278;4,517
780,605;4,736
780,932;4,810
781,259;4,468
781,586;4,932
781,913;4,492
782,240;4,419
782,567;4,565
782,894;4,492
783,221;4,565
783,547;4,785
783,874;4,443
784,201;4,517
784,527;4,468
784,854;4,517
785,180;4,590
785,507;4,980
785,833;4,492
786,160;4,492
786,486;4,565
786,812;4,565
787,138;4,590
787,465;4,565
787,791;4,541
788,117;4,761
788,443;4,517
788,769;4,443
789,095;4,443
789,421;4,541
789,746;4,590
790,072;4,517
790,398;4,687
790,724;4,712
791,049;4,541
791,375;4,468
791,700;5,518
792,026;4,590
792,351;4,614
792,677;4,541
793,002;4,517
793,327;4,663
793,652;4,468
793,978;4,468
794,303;4,565
794,628;4,565
794,953;4,614
795,278;4,541
795,603;4,639
795,928;4,443
796,253;4,541
796,577;4,565
796,902;4,590
797,227;4,468
797,552;4,687
797,876;4,468
798,201;4,492
798,525;4,614
798,850;4,687
799,174;4,517
799,498;4,492
799,823;4,541
800,147;4,541
800,471;4,492
800,795;4,517
801,120;4,663
801,444;4,565
801,768;4,443
802,092;4,565
802,416;4,468
802,739;4,590
803,063;4,395
803,387;4,590
803,711;4,565
804,034;4,614
804,358;4,517
804,682;4,639
805,005;4,517
805,329;4,712
805,652;4,541
805,975;4,419
806,299;4,492
806,622;4,712
806,945;4,614
807,268;4,565
807,592;4,517
807,915;4,565
808,238;4,468
808,561;4,980
808,884;4,785
809,207;4,687
809,529;4,395
809,852;4,590
810,175;4,443
810,498;4,614
810,820;4,590
811,143;4,492
811,465;4,614
811,788;4,492
812,110;4,370
812,433;4,590
812,755;4,468
813,077;4,419
813,400;4,980
813,722;4,541
814,044;4,639
814,366;4,614
814,688;4,443
815,010;4,614
815,332;4,419
815,654;4,590
815,976;4,443
816,298;4,810
816,619;4,541
816,941;4,492
817,263;4,639
817,584;4,517
817,906;4,419
818,227;4,565
818,549;4,639
818,870;4,639
819,192;4,517
819,513;4,614
819,834;4,590
820,155;4,468
820,477;4,395
820,798;4,517
821,119;4,590
821,440;4,663
821,761;4,565
822,082;4,468
822,402;4,468
822,723;4,443
823,044;4,419
823,365;4,492
823,685;5,298
824,006;4,736
824,326;4,565
824,647;4,395
824,967;4,590
825,288;4,565
825,608;4,565
825,928;4,517
826,249;4,590
826,569;4,419
826,889;4,492
827,209;4,736
827,529;4,736
827,849;4,468
828,169;4,517
828,489;4,541
828,809;4,443
829,129;4,590
829,448;4,541
829,768;4,492
830,088;4,517
830,407;4,590
830,727;4,419
831,046;4,590
831,366;4,395
831,685;4,468
832,005;4,565
832,324;4,712
832,643;4,395
832,962;4,663
833,281;4,468
833,601;4,687
833,920;4,834
834,239;4,736
834,558;4,614
834,876;4,663
835,195;4,785
835,514;4,565
835,833;4,614
836,151;4,492
836,470;4,297
836,789;4,468
837,107;4,687
837,426;4,517
837,744;4,492
838,062;4,468
838,381;4,810
838,699;4,883
839,017;4,541
839,335;4,712
839,654;4,443
839,972;4,517
840,290;4,517
840,608;4,248
840,926;4,761
841,243;4,614
841,561;4,517
841,879;4,565
842,197;4,517
842,514;4,614
842,832;4,687
843,150;5,273
843,467;4,517
843,785;4,517
844,102;4,395
844,419;4,492
844,737;4,443
845,054;4,492
845,371;4,395
845,688;4,541
846,005;4,492
846,322;4,370
846,639;4,663
846,956;4,492
847,273;4,468
847,590;4,541
847,907;4,663
848,224;4,590
848,540;4,590
848,857;4,468
849,173;4,468
849,490;4,541
849,806;4,419
850,123;4,736
850,439;4,565
850,756;4,541
851,072;4,419
851,388;4,492
851,704;4,370
852,020;4,565
852,336;4,639
852,652;4,370
852,968;4,443
853,284;4,541
853,600;4,565
853,916;4,639
854,232;4,541
854,547;4,590
854,863;4,639
855,179;4,590
855,494;4,541
855,810;4,517
856,125;4,370
856,441;4,932
856,756;4,639
857,071;4,541
857,386;4,639
857,702;4,517
858,017;4,541
858,332;4,468
858,647;4,517
858,962;4,370
859,277;4,419
859,592;4,639
859,907;4,614
860,221;4,565
860,536;4,590
860,851;4,541
861,165;4,858
861,480;4,614
861,794;4,590
862,109;4,395
862,423;4,590
862,738;4,663
863,052;4,565
863,366;4,541
863,680;4,492
863,994;4,419
864,309;4,468
864,623;4,517
864,937;4,541
865,251;4,639
865,564;4,614
865,878;4,663
866,192;4,590
866,506;4,639
866,819;4,639
867,133;4,590
867,447;4,590
867,760;4,468
868,074;4,712
868,387;4,590
868,700;4,492
869,014;4,468
869,327;4,517
869,640;4,468
869,953;4,492
870,266;4,858
870,579;4,565
870,892;4,712
871,205;4,639
871,518;4,541
871,831;4,370
872,144;4,492
872,456;4,443
872,769;4,541
873,082;4,639
873,394;4,590
873,707;4,443
874,019;4,565
874,332;4,687
874,644;4,517
874,956;4,395
875,269;5,078
875,581;4,565
875,893;4,321
876,205;4,492
876,517;4,639
876,829;4,468
877,141;4,541
877,453;4,443
877,765;4,517
878,076;4,712
878,388;4,639
878,700;4,639
879,011;4,663
879,323;4,541
879,634;4,614
879,946;4,468
880,257;4,663
880,569;4,517
880,880;4,712
881,191;4,590
881,502;4,639
881,814;4,468
882,125;4,712
882,436;4,834
882,747;4,492
883,057;4,614
883,368;4,541
883,679;4,395
883,990;4,590
884,301;4,541
884,611;4,956
884,922;4,517
885,232;4,419
885,543;4,468
885,853;4,614
886,164;4,346
886,474;4,468
886,784;4,614
887,095;4,468
887,405;4,541
887,715;4,614
888,025;4,443
888,335;4,492
888,645;4,590
888,955;4,517
889,265;4,565
889,574;4,541
889,884;4,590
890,194;4,565
890,503;4,614
890,813;4,663
891,123;4,590
891,432;4,907
891,741;4,614
892,051;4,468
892,360;4,590
892,669;4,663
892,979;4,321
893,288;4,492
893,597;4,541
893,906;4,541
894,215;4,590
894,524;4,663
894,833;4,590
895,141;4,468
895,450;4,492
895,759;4,590
896,068;4,687
896,376;4,663
896,685;4,590
896,993;4,419
897,302;4,541
897,610;4,883
897,918;4,492
898,227;4,614
898,535;4,956
898,843;4,395
899,151;4,687
899,459;4,639
899,767;4,785
900,075;4,443
900,383;4,687
900,691;4,785
900,999;4,395
901,306;4,639
901,614;4,785
901,922;4,590
902,229;4,541
902,537;4,614
902,844;4,810
903,152;4,468
903,459;4,639
903,766;4,663
904,074;4,443
904,381;4,565
904,688;4,736
904,995;4,590
905,302;4,370
905,609;4,468
905,916;4,565
906,223;4,468
906,530;4,614
906,836;4,565
907,143;4,541
907,450;4,492
907,756;4,565
908,063;4,639
908,369;4,346
908,676;4,468
908,982;4,590
909,288;4,639
909,595;4,687
909,901;4,541
910,207;4,614
910,513;4,492
910,819;4,590
911,125;4,639
911,431;4,614
911,737;4,565
912,043;4,639
912,349;4,639
912,654;4,443
912,960;4,541
913,266;4,663
913,571;4,443
913,877;4,565
914,182;4,565
914,487;4,468
914,793;4,541
915,098;4,614
915,403;4,492
915,708;4,590
916,013;4,639
916,319;4,565
916,624;4,468
916,928;4,590
917,233;4,492
917,538;4,468
917,843;4,443
918,148;4,517
918,452;4,419
918,757;4,346
919,061;4,565
919,366;4,492
919,670;4,639
919,975;4,541
920,279;4,443
920,583;4,687
920,888;4,639
921,192;4,517
921,496;4,492
921,800;4,468
922,104;4,395
922,408;4,639
922,712;4,565
923,016;4,565
923,319;4,639
923,623;4,492
923,927;4,541
924,230;4,419
924,534;4,517
924,837;5,249
925,141;4,443
925,444;4,565
925,748;4,614
926,051;4,517
926,354;4,443
926,657;4,517
926,960;4,541
927,263;4,419
927,566;4,419
927,869;4,517
928,172;4,541
928,475;4,517
928,778;4,541
929,080;4,639
929,383;4,565
929,686;4,517
929,988;4,468
930,291;4,590
930,593;4,565
930,895;4,639
931,198;4,541
931,500;4,541
931,802;4,614
932,104;4,614
932,407;4,468
932,709;4,810
933,011;4,590
933,312;4,517
933,614;4,590
933,916;4,541
934,218;4,468
934,520;4,492
934,821;4,736
935,123;4,517
935,424;4,565
935,726;4,932
936,027;4,468
936,329;5,054
936,630;4,663
936,931;4,712
937,232;4,639
937,534;4,639
937,835;4,541
938,136;4,517
938,437;4,346
938,738;4,126
939,038;4,565
939,339;4,517
939,640;4,541
939,941;4,541
940,241;4,468
940,542;4,639
940,842;4,565
941,143;4,590
941,443;4,468
941,743;4,492
942,044;4,346
942,344;4,517
942,644;4,492
942,944;4,517
943,244;4,492
943,544;4,492
943,844;4,468
944,144;4,517
944,444;4,590
944,744;4,590
945,044;4,395
945,343;4,468
945,643;4,443
945,942;4,736
946,242;4,614
946,541;4,565
946,841;4,443
947,140;4,395
947,439;4,639
947,738;4,443
948,038;4,785
948,337;4,492
948,636;4,419
948,935;4,443
949,234;4,517
949,532;4,712
949,831;4,663
950,130;4,639
950,429;4,492
950,727;4,419
951,026;4,492
951,324;4,541
951,623;4,663
951,921;4,419
952,220;4,541
952,518;4,517
952,816;4,492
953,114;4,492
953,412;4,419
953,711;4,468
954,009;4,614
954,307;4,443
954,604;4,468
954,902;4,370
955,200;4,639
955,498;4,492
955,795;4,590
956,093;4,663
956,391;4,541
956,688;4,614
956,985;4,639
957,283;4,590
957,580;4,565
957,877;4,565
958,175;4,785
958,472;4,541
958,769;4,639
959,066;4,517
959,363;4,517
959,660;4,639
959,957;4,663
960,253;4,468
960,550;4,565
960,847;4,712
961,143;4,614
961,440;4,590
961,736;4,565
962,033;4,395
962,329;4,687
962,626;4,468
962,922;4,565
963,218;4,468
963,514;4,712
963,810;4,419
964,106;4,687
964,402;4,614
964,698;4,785
964,994;4,614
965,290;4,517
965,586;4,468
965,881;5,347
966,177;4,883
966,473;4,614
966,768;4,517
967,064;4,590
967,359;4,443
967,654;4,541
967,950;4,590
968,245;4,663
968,540;4,443
968,835;4,492
969,130;4,663
969,425;4,541
969,720;4,541
970,015;4,443
970,310;4,541
970,605;4,810
970,899;4,590
971,194;4,639
971,488;4,492
971,783;4,590
972,077;4,517
972,372;4,395
972,666;4,565
972,961;4,687
973,255;5,200
973,549;4,492
973,843;4,614
974,137;4,443
974,431;4,517
974,725;4,492
975,019;4,590
975,313;4,541
975,607;4,663
975,900;4,492
976,194;4,517
976,487;4,517
976,781;4,541
977,074;4,468
977,368;4,639
977,661;4,565
977,955;4,565
978,248;4,541
978,541;4,517
978,834;4,541
979,127;4,590
979,420;4,712
979,713;4,565
980,006;4,712
980,299;4,590
980,592;4,565
980,884;4,639
981,177;4,614
981,469;4,590
981,762;4,614
982,054;4,492
982,347;4,614
982,639;4,468
982,932;4,517
983,224;4,932
983,516;4,590
983,808;4,663
984,100;4,346
984,392;4,419
984,684;4,614
984,976;4,590
985,268;4,639
985,559;4,346
985,851;4,785
986,143;4,541
986,434;4,614
986,726;4,541
987,017;4,492
987,309;4,590
987,600;4,712
987,891;4,492
988,183;4,663
988,474;4,663
988,765;4,736
989,056;4,785
989,347;4,541
989,638;4,492
989,929;4,614
990,220;4,492
990,510;4,419
990,801;4,541
991,092;4,541
991,382;4,639
991,673;4,565
991,963;4,712
992,254;4,614
992,544;4,712
992,834;4,639
993,124;4,614
993,414;4,492
993,705;4,517
993,995;4,492
994,285;4,492
994,575;4,443
994,864;5,103
995,154;4,590
995,444;4,541
995,734;4,663
996,023;4,663
996,313;4,980
996,602;4,395
996,892;4,492
997,181;4,517
997,470;4,517
997,760;4,541
998,049;4,468
998,338;4,541
998,627;4,736
998,916;4,492
999,205;4,370
999,494;4,687
999,783;4,541
1000,071;4,517
1000,360;4,541
1000,649;4,443
1000,937;4,590
1001,226;4,541
1001,514;4,492
1001,803;4,370
1002,091;4,443
1002,379;4,443
1002,668;4,590
1002,956;4,517
1003,244;4,468
1003,532;4,541
1003,820;4,565
1004,108;4,639
1004,396;4,541
1004,684;4,590
1004,971;4,517
1005,259;4,639
1005,547;4,492
1005,834;4,663
1006,122;4,590
1006,409;4,468
1006,697;4,663
1006,984;4,663
1007,271;4,663
1007,558;5,005
1007,846;4,517
1008,133;5,225
1008,420;4,517
1008,707;4,590
1008,993;4,663
1009,280;4,712
1009,567;4,468
1009,854;4,858
1010,140;4,492
1010,427;4,517
1010,714;4,419
1011,000;4,565
1011,286;4,492
1011,573;4,468
1011,859;4,712
1012,145;4,614
1012,432;4,614
1012,718;4,419
1013,004;4,810
1013,290;4,492
1013,576;4,712
1013,861;4,468
1014,147;4,443
1014,433;4,468
1014,719;4,517
1015,004;4,614
1015,290;4,663
1015,575;4,639
1015,861;4,419
1016,146;4,590
1016,432;4,468
1016,717;4,590
1017,002;4,712
1017,287;4,468
1017,572;4,541
1017,857;4,468
1018,142;4,590
1018,427;4,492
1018,712;4,590
1018,997;4,565
1019,281;4,614
1019,566;4,590
1019,851;4,443
1020,135;4,492
1020,419;4,492
1020,704;4,517
1020,988;4,468
1021,272;4,565
1021,557;4,443
1021,841;4,541
1022,125;4,687
1022,409;4,517
1022,693;4,639
1022,977;4,590
1023,261;4,565
1023,544;4,712
1023,828;4,614
1024,112;4,687
1024,395;4,565
1024,679;4,639
1024,962;4,517
1025,246;4,687
